,album,aluri,track_number,trid,name,artist,arid,acousticness,danceability,energy,instrumentalness,liveness,loudness,speechiness,tempo,valence,popularity
0,Just Cause Y'all Waited 2 (Deluxe),spotify:album:2lTzPbjHdZgNyV5cvhT7qE,1,5B4EBpE9klDMgfGYSo8Il2,Different Meaning,Lil Durk,3hcs9uc56yIGFCSy9leWe7,0.0317,0.852,0.602,0.0,0.136,-5.939,0.313,83.052,0.196,55
1,Just Cause Y'all Waited 2 (Deluxe),spotify:album:2lTzPbjHdZgNyV5cvhT7qE,2,32LeQ4KFHaCMR4HdfItfNU,Street Affection,Lil Durk,3hcs9uc56yIGFCSy9leWe7,0.018,0.622,0.572,0.0,0.102,-10.318,0.482,177.964,0.0813,55
2,Just Cause Y'all Waited 2 (Deluxe),spotify:album:2lTzPbjHdZgNyV5cvhT7qE,3,1HtxC1up0r4ANyxgk0QMYe,3 Headed Goat (feat. Lil Baby & Polo G),Lil Durk,3hcs9uc56yIGFCSy9leWe7,0.272,0.837,0.482,0.0,0.0991,-8.603,0.364,143.011,0.424,58
3,Just Cause Y'all Waited 2 (Deluxe),spotify:album:2lTzPbjHdZgNyV5cvhT7qE,4,7jq1kySOnPSV1SDb8T59Ql,All Love,Lil Durk,3hcs9uc56yIGFCSy9leWe7,0.0662,0.652,0.727,0.0,0.109,-6.414,0.317,86.803,0.39,56
4,Just Cause Y'all Waited 2 (Deluxe),spotify:album:2lTzPbjHdZgNyV5cvhT7qE,5,2RTRLSd4UuKjqVqCNlzKqq,Gucci Gucci (feat. Gunna),Lil Durk,3hcs9uc56yIGFCSy9leWe7,0.246,0.871,0.667,0.0,0.113,-5.898,0.151,82.572,0.413,55
5,Just Cause Y'all Waited 2 (Deluxe),spotify:album:2lTzPbjHdZgNyV5cvhT7qE,6,1xeLVHAb8V2sihrCHpMrt8,Viral Moment,Lil Durk,3hcs9uc56yIGFCSy9leWe7,0.0134,0.667,0.525,0.0,0.109,-8.146,0.317,79.95,0.272,55
6,Just Cause Y'all Waited 2 (Deluxe),spotify:album:2lTzPbjHdZgNyV5cvhT7qE,7,2EApkZgL6LfNzAH2T6ZJBd,248,Lil Durk,3hcs9uc56yIGFCSy9leWe7,0.0565,0.722,0.659,0.0,0.111,-5.804,0.286,160.194,0.309,55
7,Just Cause Y'all Waited 2 (Deluxe),spotify:album:2lTzPbjHdZgNyV5cvhT7qE,8,0NObWUxz7qWE3idYYb737w,Triflin Hoes,Lil Durk,3hcs9uc56yIGFCSy9leWe7,0.0168,0.797,0.792,0.00032,0.0886,-4.889,0.184,160.002,0.602,54
8,Just Cause Y'all Waited 2 (Deluxe),spotify:album:2lTzPbjHdZgNyV5cvhT7qE,9,1X1OE9in87V296NUgBRKof,Internet Sensation,Lil Durk,3hcs9uc56yIGFCSy9leWe7,0.604,0.599,0.583,0.0,0.109,-6.141,0.257,93.325,0.35,56
9,Just Cause Y'all Waited 2 (Deluxe),spotify:album:2lTzPbjHdZgNyV5cvhT7qE,10,4x8F60zm0Pcl9xzlbF6ycT,Street Prayer,Lil Durk,3hcs9uc56yIGFCSy9leWe7,0.208,0.493,0.415,0.0,0.248,-9.135,0.464,83.73,0.27,53
10,Just Cause Y'all Waited 2 (Deluxe),spotify:album:2lTzPbjHdZgNyV5cvhT7qE,11,33VMlKj0pvdmVlYX5ki99h,Chiraq Demons (feat. G Herbo),Lil Durk,3hcs9uc56yIGFCSy9leWe7,0.0714,0.743,0.664,0.0,0.133,-6.347,0.15,160.176,0.231,52
11,Just Cause Y'all Waited 2 (Deluxe),spotify:album:2lTzPbjHdZgNyV5cvhT7qE,12,3Xwg5OREYCAmCkdN13FKps,Doin Too Much,Lil Durk,3hcs9uc56yIGFCSy9leWe7,0.0562,0.832,0.609,0.0,0.119,-4.595,0.173,144.94,0.336,53
12,Just Cause Y'all Waited 2 (Deluxe),spotify:album:2lTzPbjHdZgNyV5cvhT7qE,13,4mZdUQsfsQaaocdST2rFNH,Broke Up In Miami,Lil Durk,3hcs9uc56yIGFCSy9leWe7,0.0122,0.782,0.475,0.000172,0.118,-8.699,0.0696,154.981,0.245,54
13,Just Cause Y'all Waited 2 (Deluxe),spotify:album:2lTzPbjHdZgNyV5cvhT7qE,14,1TcJDKandYbyo4cCHhKzgr,Turn Myself In,Lil Durk,3hcs9uc56yIGFCSy9leWe7,0.0323,0.771,0.7,0.0,0.0911,-6.46,0.233,141.065,0.417,53
14,Just Cause Y'all Waited 2 (Deluxe),spotify:album:2lTzPbjHdZgNyV5cvhT7qE,15,7C80fRx3QA8QNMjievzRx9,Fabricated,Lil Durk,3hcs9uc56yIGFCSy9leWe7,0.0806,0.55,0.598,0.0,0.116,-7.551,0.376,75.49,0.118,54
15,Just Cause Y'all Waited 2 (Deluxe),spotify:album:2lTzPbjHdZgNyV5cvhT7qE,16,0GNA3R5uPOpuWPFXkkOAkG,Pass The Water,Lil Durk,3hcs9uc56yIGFCSy9leWe7,0.00305,0.682,0.728,0.0,0.275,-5.545,0.315,159.846,0.546,60
16,Just Cause Y'all Waited 2 (Deluxe),spotify:album:2lTzPbjHdZgNyV5cvhT7qE,17,3qVInNXylJG44aaxSFikU0,Denied in UK,Lil Durk,3hcs9uc56yIGFCSy9leWe7,0.00325,0.802,0.441,1.69e-06,0.31,-10.817,0.213,136.099,0.162,59
17,Just Cause Y'all Waited 2 (Deluxe),spotify:album:2lTzPbjHdZgNyV5cvhT7qE,18,2jdCFALfwv32oIl8CaOtox,Support You,Lil Durk,3hcs9uc56yIGFCSy9leWe7,0.12,0.631,0.332,0.0,0.131,-15.739,0.701,96.37,0.307,59
18,Just Cause Y'all Waited 2 (Deluxe),spotify:album:2lTzPbjHdZgNyV5cvhT7qE,19,3ELLCuwPrhznALIu2UAwVB,When We Shoot,Lil Durk,3hcs9uc56yIGFCSy9leWe7,0.0259,0.908,0.331,0.0,0.0718,-12.706,0.722,139.995,0.429,65
19,Just Cause Y'all Waited 2 (Deluxe),spotify:album:2lTzPbjHdZgNyV5cvhT7qE,20,58Tx88GWmOgcHQLZNRGeym,Where They Go,Lil Durk,3hcs9uc56yIGFCSy9leWe7,0.0158,0.655,0.539,0.0,0.162,-10.831,0.349,165.078,0.217,57
20,Just Cause Y'all Waited 2 (Deluxe),spotify:album:2lTzPbjHdZgNyV5cvhT7qE,21,0z745VvMjQZnLjnZon4OHu,Watch Yo Homie,Lil Durk,3hcs9uc56yIGFCSy9leWe7,0.125,0.72,0.459,0.0,0.15,-10.786,0.252,95.521,0.314,67
21,Just Cause Y'all Waited 2 (Deluxe),spotify:album:2lTzPbjHdZgNyV5cvhT7qE,22,4YCPIzPtD5Pf9XlgIg7E34,Outro,Lil Durk,3hcs9uc56yIGFCSy9leWe7,0.0545,0.611,0.46,0.0,0.216,-9.486,0.101,114.789,0.209,59
22,Just Cause Y'all Waited 2 (Deluxe),spotify:album:0IRU1TnrUSfLrnGNUrEoAb,1,2sdxfDPt3Hncapep3GrheX,Different Meaning,Lil Durk,3hcs9uc56yIGFCSy9leWe7,0.0286,0.842,0.578,0.0,0.136,-6.067,0.337,82.98,0.193,11
23,Just Cause Y'all Waited 2 (Deluxe),spotify:album:0IRU1TnrUSfLrnGNUrEoAb,2,2ImXFnoUhpxVdy3Bzs36co,Street Affection,Lil Durk,3hcs9uc56yIGFCSy9leWe7,0.0194,0.668,0.574,0.0,0.102,-10.429,0.467,177.844,0.0535,11
24,Just Cause Y'all Waited 2 (Deluxe),spotify:album:0IRU1TnrUSfLrnGNUrEoAb,3,34KlXBZOzeXCZ0HVq35aEi,3 Headed Goat (feat. Lil Baby & Polo G),Lil Durk,3hcs9uc56yIGFCSy9leWe7,0.237,0.626,0.467,0.0,0.0991,-8.782,0.465,95.631,0.403,24
25,Just Cause Y'all Waited 2 (Deluxe),spotify:album:0IRU1TnrUSfLrnGNUrEoAb,4,1veWpLQmMJRw0pC9MNMjou,All Love,Lil Durk,3hcs9uc56yIGFCSy9leWe7,0.0385,0.673,0.721,0.0,0.111,-6.396,0.33,86.544,0.349,13
26,Just Cause Y'all Waited 2 (Deluxe),spotify:album:0IRU1TnrUSfLrnGNUrEoAb,5,6IDLrpcHgfTeJwP1yjb1xS,Gucci Gucci (feat. Gunna),Lil Durk,3hcs9uc56yIGFCSy9leWe7,0.21,0.704,0.672,0.0,0.114,-6.015,0.145,109.895,0.392,12
27,Just Cause Y'all Waited 2 (Deluxe),spotify:album:0IRU1TnrUSfLrnGNUrEoAb,6,4sDJ2wqyKLXvY6oiZYkUNm,Viral Moment,Lil Durk,3hcs9uc56yIGFCSy9leWe7,0.012,0.548,0.54,1.73e-06,0.108,-7.511,0.302,159.821,0.228,13
28,Just Cause Y'all Waited 2 (Deluxe),spotify:album:0IRU1TnrUSfLrnGNUrEoAb,7,5JULtV7ZXlrNpx6jk8t9yo,248,Lil Durk,3hcs9uc56yIGFCSy9leWe7,0.037,0.737,0.648,0.0,0.112,-5.959,0.284,160.062,0.313,11
29,Just Cause Y'all Waited 2 (Deluxe),spotify:album:0IRU1TnrUSfLrnGNUrEoAb,8,4gN4IqeEqky2qkYStNYHHU,Triflin Hoes,Lil Durk,3hcs9uc56yIGFCSy9leWe7,0.00887,0.801,0.796,0.00435,0.0887,-4.954,0.139,159.993,0.629,10
30,Just Cause Y'all Waited 2 (Deluxe),spotify:album:0IRU1TnrUSfLrnGNUrEoAb,9,0fkpNMvZSZbIX7fOEkdXd0,Internet Sensation,Lil Durk,3hcs9uc56yIGFCSy9leWe7,0.608,0.796,0.574,0.0,0.109,-6.231,0.14,93.086,0.289,12
31,Just Cause Y'all Waited 2 (Deluxe),spotify:album:0IRU1TnrUSfLrnGNUrEoAb,10,67KBt0M5WheHMW1eAtUyC0,Street Prayer,Lil Durk,3hcs9uc56yIGFCSy9leWe7,0.273,0.497,0.373,0.0,0.273,-9.462,0.461,168.979,0.32,9
32,Just Cause Y'all Waited 2 (Deluxe),spotify:album:0IRU1TnrUSfLrnGNUrEoAb,11,5xbqdaVL9INacLEA70Q9Ib,Chiraq Demons (feat. G Herbo),Lil Durk,3hcs9uc56yIGFCSy9leWe7,0.0636,0.739,0.657,0.0,0.139,-6.385,0.159,160.164,0.224,9
33,Just Cause Y'all Waited 2 (Deluxe),spotify:album:0IRU1TnrUSfLrnGNUrEoAb,12,0COZ1zVLNS3CRhgqHOCELw,Doin Too Much,Lil Durk,3hcs9uc56yIGFCSy9leWe7,0.0483,0.834,0.628,0.0,0.12,-4.802,0.153,145.098,0.361,9
34,Just Cause Y'all Waited 2 (Deluxe),spotify:album:0IRU1TnrUSfLrnGNUrEoAb,13,3O56pbiKUwfvaWFcHXtTh5,Broke Up In Miami,Lil Durk,3hcs9uc56yIGFCSy9leWe7,0.0138,0.776,0.468,0.000106,0.106,-8.831,0.0704,154.982,0.301,10
35,Just Cause Y'all Waited 2 (Deluxe),spotify:album:0IRU1TnrUSfLrnGNUrEoAb,14,0Wl7wjwbYtUF5Y3vCyi4Ky,Turn Myself In,Lil Durk,3hcs9uc56yIGFCSy9leWe7,0.0303,0.745,0.747,0.0,0.087,-5.486,0.124,140.983,0.381,9
36,Just Cause Y'all Waited 2 (Deluxe),spotify:album:0IRU1TnrUSfLrnGNUrEoAb,15,3vLtmwkONWJ4UQ9pJU3mDs,Fabricated,Lil Durk,3hcs9uc56yIGFCSy9leWe7,0.101,0.593,0.631,0.0,0.109,-7.635,0.448,150.758,0.118,11
37,Just Cause Y'all Waited 2 (Deluxe),spotify:album:0IRU1TnrUSfLrnGNUrEoAb,16,70NBMQ6v1zcsYV0kU7iBzP,Pass The Water,Lil Durk,3hcs9uc56yIGFCSy9leWe7,0.00291,0.683,0.726,0.0,0.334,-5.579,0.303,160.007,0.518,17
38,Just Cause Y'all Waited 2 (Deluxe),spotify:album:0IRU1TnrUSfLrnGNUrEoAb,17,6vPv8lS634EA72S8AXfKdz,Denied in UK,Lil Durk,3hcs9uc56yIGFCSy9leWe7,0.00373,0.787,0.459,1.07e-05,0.312,-10.811,0.225,136.157,0.124,13
39,Just Cause Y'all Waited 2 (Deluxe),spotify:album:0IRU1TnrUSfLrnGNUrEoAb,18,4SxXvPrNheNH3DBLTmg4ES,Support You,Lil Durk,3hcs9uc56yIGFCSy9leWe7,0.104,0.788,0.331,0.0,0.113,-14.984,0.494,97.991,0.218,12
40,Just Cause Y'all Waited 2 (Deluxe),spotify:album:0IRU1TnrUSfLrnGNUrEoAb,19,7DT4gRkljCrjMGyHeGKEax,When We Shoot,Lil Durk,3hcs9uc56yIGFCSy9leWe7,0.035,0.907,0.326,0.0,0.0729,-12.831,0.754,140.018,0.434,25
41,Just Cause Y'all Waited 2 (Deluxe),spotify:album:0IRU1TnrUSfLrnGNUrEoAb,20,5ky1K8CQJ0wmDWAHkUEynS,Where They Go,Lil Durk,3hcs9uc56yIGFCSy9leWe7,0.0188,0.566,0.546,0.0,0.169,-10.922,0.297,110.359,0.182,11
42,Just Cause Y'all Waited 2 (Deluxe),spotify:album:0IRU1TnrUSfLrnGNUrEoAb,21,3Bf7nrHbJm0pBZuUrYhuX2,Watch Yo Homie,Lil Durk,3hcs9uc56yIGFCSy9leWe7,0.133,0.647,0.452,0.0,0.152,-10.709,0.295,94.986,0.322,31
43,Just Cause Y'all Waited 2 (Deluxe),spotify:album:0IRU1TnrUSfLrnGNUrEoAb,22,2zmJKXBdLQJoKWlPjGdmwm,Outro,Lil Durk,3hcs9uc56yIGFCSy9leWe7,0.0562,0.798,0.485,0.0,0.205,-9.699,0.0531,114.843,0.185,21
44,Just Cause Y'all Waited 2,spotify:album:7ClxwGfXKhbDYykavKxvNY,1,61Ym6PM14jUTC2CG5lErNY,Different Meaning,Lil Durk,3hcs9uc56yIGFCSy9leWe7,0.0312,0.837,0.603,0.0,0.136,-5.94,0.341,82.993,0.199,54
45,Just Cause Y'all Waited 2,spotify:album:7ClxwGfXKhbDYykavKxvNY,2,3DQ0ThdjMd3hBAI6KJAK1n,Street Affection,Lil Durk,3hcs9uc56yIGFCSy9leWe7,0.0193,0.646,0.57,0.0,0.102,-10.316,0.476,177.927,0.0823,58
46,Just Cause Y'all Waited 2,spotify:album:7ClxwGfXKhbDYykavKxvNY,3,2h4cmbyb6S7e8igDZIITJU,3 Headed Goat (feat. Lil Baby & Polo G),Lil Durk,3hcs9uc56yIGFCSy9leWe7,0.268,0.837,0.482,0.0,0.0991,-8.608,0.365,143.01,0.444,78
47,Just Cause Y'all Waited 2,spotify:album:7ClxwGfXKhbDYykavKxvNY,4,0U6CynbrbmZsXiL4bD2J8A,All Love,Lil Durk,3hcs9uc56yIGFCSy9leWe7,0.0637,0.635,0.726,0.0,0.109,-6.414,0.315,87.244,0.389,63
48,Just Cause Y'all Waited 2,spotify:album:7ClxwGfXKhbDYykavKxvNY,5,37WQ7WJ6FpU0qw4CLNn3Qj,Gucci Gucci (feat. Gunna),Lil Durk,3hcs9uc56yIGFCSy9leWe7,0.25,0.87,0.668,0.0,0.113,-5.898,0.15,82.524,0.41,60
49,Just Cause Y'all Waited 2,spotify:album:7ClxwGfXKhbDYykavKxvNY,6,6w8vxB8I2QKZupDfxg9QTe,Viral Moment,Lil Durk,3hcs9uc56yIGFCSy9leWe7,0.0134,0.545,0.523,0.0,0.109,-8.146,0.368,159.076,0.264,62
50,Just Cause Y'all Waited 2,spotify:album:7ClxwGfXKhbDYykavKxvNY,7,1WV88Wh4HVWJ6r4YJ3FzU9,248,Lil Durk,3hcs9uc56yIGFCSy9leWe7,0.0574,0.67,0.659,0.0,0.111,-5.804,0.297,159.936,0.304,57
51,Just Cause Y'all Waited 2,spotify:album:7ClxwGfXKhbDYykavKxvNY,8,3cjH8FiSkWc7gY1Sip3WkV,Triflin Hoes,Lil Durk,3hcs9uc56yIGFCSy9leWe7,0.0166,0.8,0.795,0.000393,0.0888,-4.883,0.188,160.006,0.615,56
52,Just Cause Y'all Waited 2,spotify:album:7ClxwGfXKhbDYykavKxvNY,9,6pgXtdQGyZODLuXK7ZrTCk,Internet Sensation,Lil Durk,3hcs9uc56yIGFCSy9leWe7,0.592,0.598,0.583,0.0,0.109,-6.141,0.259,93.322,0.36,64
53,Just Cause Y'all Waited 2,spotify:album:7ClxwGfXKhbDYykavKxvNY,10,1VTTBSahMr9zOn4zVKeB3h,Street Prayer,Lil Durk,3hcs9uc56yIGFCSy9leWe7,0.208,0.493,0.415,0.0,0.248,-9.135,0.464,83.73,0.27,53
54,Just Cause Y'all Waited 2,spotify:album:7ClxwGfXKhbDYykavKxvNY,11,7sTbqjPHnIcmkM1fLSr02y,Chiraq Demons (feat. G Herbo),Lil Durk,3hcs9uc56yIGFCSy9leWe7,0.0736,0.739,0.665,0.0,0.14,-6.352,0.157,160.207,0.232,54
55,Just Cause Y'all Waited 2,spotify:album:7ClxwGfXKhbDYykavKxvNY,12,0wPe80Dk8mZNcho3zUcBCN,Doin Too Much,Lil Durk,3hcs9uc56yIGFCSy9leWe7,0.0578,0.832,0.616,0.0,0.119,-4.582,0.16,144.964,0.323,54
56,Just Cause Y'all Waited 2,spotify:album:7ClxwGfXKhbDYykavKxvNY,13,562y3xAftcXCOWhfWCLapA,Broke Up In Miami,Lil Durk,3hcs9uc56yIGFCSy9leWe7,0.0122,0.783,0.475,0.000127,0.118,-8.704,0.0708,154.928,0.249,55
57,Just Cause Y'all Waited 2,spotify:album:7ClxwGfXKhbDYykavKxvNY,14,4RzYEDJuu6I2PPlB0gSdBc,Turn Myself In,Lil Durk,3hcs9uc56yIGFCSy9leWe7,0.0323,0.774,0.701,0.0,0.0916,-6.442,0.234,141.052,0.421,52
58,Just Cause Y'all Waited 2,spotify:album:7ClxwGfXKhbDYykavKxvNY,15,2yeQNdQAoWT84bDGBBvU3J,Fabricated,Lil Durk,3hcs9uc56yIGFCSy9leWe7,0.0807,0.805,0.593,0.0,0.116,-7.562,0.398,75.461,0.105,54
59,Just Cause Y'all Waited 2,spotify:album:08CdWO2QxUfUcHDlwa8sRP,1,33ShUh2ff6rr7KGahzwYzr,Different Meaning,Lil Durk,3hcs9uc56yIGFCSy9leWe7,0.0272,0.633,0.578,0.0,0.136,-6.067,0.438,83.283,0.183,23
60,Just Cause Y'all Waited 2,spotify:album:08CdWO2QxUfUcHDlwa8sRP,2,5UDc7SYM7kDMOkahHQHs5A,Street Affection,Lil Durk,3hcs9uc56yIGFCSy9leWe7,0.0195,0.654,0.587,0.0,0.102,-10.414,0.471,177.885,0.0577,26
61,Just Cause Y'all Waited 2,spotify:album:08CdWO2QxUfUcHDlwa8sRP,3,0ylA1sb6XHWZOgBudtyQR2,3 Headed Goat (feat. Lil Baby & Polo G),Lil Durk,3hcs9uc56yIGFCSy9leWe7,0.229,0.626,0.466,0.0,0.0991,-8.784,0.465,95.677,0.394,43
62,Just Cause Y'all Waited 2,spotify:album:08CdWO2QxUfUcHDlwa8sRP,4,4CVQORwJyb04EmM2bYAxQj,All Love,Lil Durk,3hcs9uc56yIGFCSy9leWe7,0.0399,0.657,0.72,0.0,0.11,-6.394,0.335,86.53,0.391,24
63,Just Cause Y'all Waited 2,spotify:album:08CdWO2QxUfUcHDlwa8sRP,5,0Dd2P7B1ZuarIoKfrEse7z,Gucci Gucci (feat. Gunna),Lil Durk,3hcs9uc56yIGFCSy9leWe7,0.207,0.705,0.673,0.0,0.113,-6.015,0.143,109.896,0.395,45
64,Just Cause Y'all Waited 2,spotify:album:08CdWO2QxUfUcHDlwa8sRP,6,0FsXqFs5wBj8SE1EkNmeU2,Viral Moment,Lil Durk,3hcs9uc56yIGFCSy9leWe7,0.0124,0.521,0.541,1.86e-06,0.108,-7.514,0.319,79.949,0.242,23
65,Just Cause Y'all Waited 2,spotify:album:08CdWO2QxUfUcHDlwa8sRP,7,4ayGw9knYTSdpvhLIzKk24,248,Lil Durk,3hcs9uc56yIGFCSy9leWe7,0.0384,0.744,0.648,0.0,0.111,-5.904,0.288,160.12,0.315,22
66,Just Cause Y'all Waited 2,spotify:album:08CdWO2QxUfUcHDlwa8sRP,8,5GgMnnzByH2MTBmp0xv8Ta,Triflin Hoes,Lil Durk,3hcs9uc56yIGFCSy9leWe7,0.00904,0.801,0.797,0.00481,0.0887,-4.953,0.136,159.996,0.632,22
67,Just Cause Y'all Waited 2,spotify:album:08CdWO2QxUfUcHDlwa8sRP,9,3F8W9fZJ4n1mCR2Wdt3kd9,Internet Sensation,Lil Durk,3hcs9uc56yIGFCSy9leWe7,0.589,0.797,0.573,0.0,0.109,-6.23,0.137,93.102,0.298,27
68,Just Cause Y'all Waited 2,spotify:album:08CdWO2QxUfUcHDlwa8sRP,10,5RZwEYHyxBf4PaRK78zmeT,Street Prayer,Lil Durk,3hcs9uc56yIGFCSy9leWe7,0.273,0.497,0.373,0.0,0.273,-9.462,0.461,168.976,0.32,21
69,Just Cause Y'all Waited 2,spotify:album:08CdWO2QxUfUcHDlwa8sRP,11,5hToseLihrYn9IPN3bDNNM,Chiraq Demons (feat. G Herbo),Lil Durk,3hcs9uc56yIGFCSy9leWe7,0.0664,0.738,0.658,0.0,0.139,-6.385,0.158,160.143,0.224,21
70,Just Cause Y'all Waited 2,spotify:album:08CdWO2QxUfUcHDlwa8sRP,12,2vwugPcVjwaNxwDeCkS704,Doin Too Much,Lil Durk,3hcs9uc56yIGFCSy9leWe7,0.0503,0.834,0.627,0.0,0.12,-4.802,0.154,145.093,0.358,23
71,Just Cause Y'all Waited 2,spotify:album:08CdWO2QxUfUcHDlwa8sRP,13,4kEwUtxNg5WcahRGY68yi1,Broke Up In Miami,Lil Durk,3hcs9uc56yIGFCSy9leWe7,0.0135,0.77,0.469,0.00012,0.106,-8.83,0.0881,77.568,0.301,22
72,Just Cause Y'all Waited 2,spotify:album:08CdWO2QxUfUcHDlwa8sRP,14,3idI4o24wVcp3BoS5kiwiB,Turn Myself In,Lil Durk,3hcs9uc56yIGFCSy9leWe7,0.0304,0.743,0.747,0.0,0.087,-5.484,0.124,141.025,0.384,23
73,Just Cause Y'all Waited 2,spotify:album:08CdWO2QxUfUcHDlwa8sRP,15,79bSsUKTfBclgSs7BxVvyv,Fabricated,Lil Durk,3hcs9uc56yIGFCSy9leWe7,0.101,0.593,0.631,0.0,0.109,-7.635,0.45,150.771,0.121,21
74,Family Over Everything,spotify:album:74ruSB8Mj6Eu8TkN2Ryu9I,1,33jf7rp70Znugt7Ijago0o,Gang Forever (with Lil Durk & King Von feat. Jusblow600),Only The Family,3IaKn0ExWTMPqa0mscUYw3,0.00223,0.707,0.475,0.0069,0.146,-8.573,0.0626,147.916,0.113,45
75,Family Over Everything,spotify:album:74ruSB8Mj6Eu8TkN2Ryu9I,2,6tiE0a2f8Z7CZeFRvOWeoi,High Tolerance (with Lil Durk feat. NLE Choppa),Only The Family,3IaKn0ExWTMPqa0mscUYw3,0.0243,0.783,0.568,0.0,0.0764,-9.18,0.247,150.11,0.636,49
76,Family Over Everything,spotify:album:74ruSB8Mj6Eu8TkN2Ryu9I,3,7aS3UKfQ0Ke9y1f6DDHuxk,Brazy Krazy (with Lil Durk),Only The Family,3IaKn0ExWTMPqa0mscUYw3,0.0137,0.855,0.511,0.0,0.13,-10.158,0.276,135.883,0.514,40
77,Family Over Everything,spotify:album:74ruSB8Mj6Eu8TkN2Ryu9I,4,2WrL8vwjup2a1lNsjWeFst,Career Day (with Lil Durk feat. Polo G),Only The Family,3IaKn0ExWTMPqa0mscUYw3,0.0159,0.837,0.493,0.0,0.108,-10.128,0.277,85.081,0.285,60
78,Family Over Everything,spotify:album:74ruSB8Mj6Eu8TkN2Ryu9I,5,1my6ktbJ5FeiX5GinqlfO9,They Be Talkin' (with Lil Durk & King Von),Only The Family,3IaKn0ExWTMPqa0mscUYw3,0.21,0.847,0.461,3.47e-05,0.145,-8.785,0.374,150.0,0.57,47
79,Family Over Everything,spotify:album:74ruSB8Mj6Eu8TkN2Ryu9I,6,7k04JZohcTZoyQBXHtm2xD,The Hood (with Booka600),Only The Family,3IaKn0ExWTMPqa0mscUYw3,0.05,0.46,0.293,0.0,0.0924,-19.367,0.282,81.321,0.378,37
80,Family Over Everything,spotify:album:74ruSB8Mj6Eu8TkN2Ryu9I,7,6wHsjEevjwB7mwnsCaVr6w,Blika Blika (with Lil Durk),Only The Family,3IaKn0ExWTMPqa0mscUYw3,0.00367,0.847,0.561,0.0,0.158,-6.335,0.207,160.051,0.399,46
81,Family Over Everything,spotify:album:74ruSB8Mj6Eu8TkN2Ryu9I,8,41eEwKidkzv0liFQc5Zjsh,On Stone (with C3),Only The Family,3IaKn0ExWTMPqa0mscUYw3,0.0731,0.794,0.441,0.0,0.148,-14.027,0.335,159.973,0.376,34
82,Family Over Everything,spotify:album:74ruSB8Mj6Eu8TkN2Ryu9I,9,6EuDAYz036Zz9JIPe6yhNE,Riot (with Lil Durk & Booka600 feat. G Herbo),Only The Family,3IaKn0ExWTMPqa0mscUYw3,0.315,0.521,0.841,1.31e-06,0.221,-5.368,0.255,103.51,0.669,45
83,Family Over Everything,spotify:album:74ruSB8Mj6Eu8TkN2Ryu9I,10,57HfRRp4d10MmDiS7Lk2X8,This A Story (with King Von),Only The Family,3IaKn0ExWTMPqa0mscUYw3,0.0125,0.877,0.427,0.0,0.117,-16.021,0.4,131.985,0.223,43
84,Family Over Everything,spotify:album:74ruSB8Mj6Eu8TkN2Ryu9I,11,6xTSwshmtngmIVfi60O11g,Fake Love (with Lil Durk feat. Lil Tjay),Only The Family,3IaKn0ExWTMPqa0mscUYw3,0.00273,0.659,0.475,0.0,0.113,-8.28,0.286,159.824,0.114,52
85,Family Over Everything,spotify:album:74ruSB8Mj6Eu8TkN2Ryu9I,12,6d0eiEVQXGS6IUnkJ5lAV0,Whole Lotta (with Lil Durk),Only The Family,3IaKn0ExWTMPqa0mscUYw3,0.0145,0.723,0.44,0.0,0.0947,-10.599,0.432,163.01,0.172,42
86,Family Over Everything,spotify:album:74ruSB8Mj6Eu8TkN2Ryu9I,13,3uzCgOcrK7WVJchjveA1S4,Better (with MK),Only The Family,3IaKn0ExWTMPqa0mscUYw3,0.0421,0.822,0.45,0.0,0.127,-14.238,0.29,136.038,0.332,36
87,Family Over Everything,spotify:album:74ruSB8Mj6Eu8TkN2Ryu9I,14,52KEmudjXXMXbAJgoumeO5,One Mo Chance (with Lil Durk),Only The Family,3IaKn0ExWTMPqa0mscUYw3,0.0388,0.779,0.569,0.0,0.167,-7.619,0.0737,143.945,0.312,41
88,Family Over Everything,spotify:album:74ruSB8Mj6Eu8TkN2Ryu9I,15,7LwA6V6l1t8Uwv7Qj3JbJf,Bad Bitch (with OTF Ikey),Only The Family,3IaKn0ExWTMPqa0mscUYw3,0.102,0.923,0.307,0.0,0.108,-14.941,0.364,115.014,0.465,32
89,Family Over Everything,spotify:album:74ruSB8Mj6Eu8TkN2Ryu9I,16,1ZY885Jirw1fw4ttNPy7SU,Hang Out (with Doodie Lo & Memo600),Only The Family,3IaKn0ExWTMPqa0mscUYw3,0.00931,0.708,0.549,0.0,0.139,-14.274,0.358,154.909,0.631,33
90,Family Over Everything,spotify:album:02ZR83WPvJLwt9Wdk4s2xO,1,2mAtMeVn0fd15x6g3YNVaZ,Gang Forever (with Lil Durk & King Von feat. Jusblow600),Only The Family,3IaKn0ExWTMPqa0mscUYw3,0.00235,0.698,0.44,0.00722,0.149,-8.672,0.0796,147.914,0.164,14
91,Family Over Everything,spotify:album:02ZR83WPvJLwt9Wdk4s2xO,2,6QpmdqHihjZfV2krDjWDIW,High Tolerance (with Lil Durk feat. NLE Choppa),Only The Family,3IaKn0ExWTMPqa0mscUYw3,0.0275,0.787,0.564,0.0,0.077,-9.252,0.249,150.228,0.596,20
92,Family Over Everything,spotify:album:02ZR83WPvJLwt9Wdk4s2xO,3,5wviJO0FnvrSflh1ccKn4m,Brazy Krazy (with Lil Durk),Only The Family,3IaKn0ExWTMPqa0mscUYw3,0.0189,0.899,0.497,0.0,0.132,-10.403,0.248,135.933,0.497,11
93,Family Over Everything,spotify:album:02ZR83WPvJLwt9Wdk4s2xO,4,4cWJYg4hVldmarIS8uW3yU,Career Day (with Lil Durk feat. Polo G),Only The Family,3IaKn0ExWTMPqa0mscUYw3,0.0152,0.596,0.497,0.0,0.106,-10.284,0.334,83.616,0.365,24
94,Family Over Everything,spotify:album:02ZR83WPvJLwt9Wdk4s2xO,5,0HWJscN7eAZ10Zi5Xf8FP1,They Be Talkin' (with Lil Durk & King Von),Only The Family,3IaKn0ExWTMPqa0mscUYw3,0.192,0.852,0.464,8.01e-05,0.159,-8.879,0.404,149.965,0.597,14
95,Family Over Everything,spotify:album:02ZR83WPvJLwt9Wdk4s2xO,6,6tpfkg9vE8i7PP9dIAeZcC,The Hood (with Booka600),Only The Family,3IaKn0ExWTMPqa0mscUYw3,0.0517,0.477,0.311,0.0,0.0932,-19.221,0.154,81.999,0.366,9
96,Family Over Everything,spotify:album:02ZR83WPvJLwt9Wdk4s2xO,7,2ZKNQL6vZ6XXBCUUDeg95D,Blika Blika (with Lil Durk),Only The Family,3IaKn0ExWTMPqa0mscUYw3,0.00529,0.856,0.533,0.0,0.16,-6.476,0.221,160.049,0.436,14
97,Family Over Everything,spotify:album:02ZR83WPvJLwt9Wdk4s2xO,8,0UtKHySmUGTJEq7HCLVM2c,On Stone (with C3),Only The Family,3IaKn0ExWTMPqa0mscUYw3,0.063,0.798,0.441,0.0,0.149,-14.125,0.356,159.922,0.333,7
98,Family Over Everything,spotify:album:02ZR83WPvJLwt9Wdk4s2xO,9,5AGIYxcMQ8kDLkrFxVufvE,Riot (with Lil Durk & Booka600 feat. G Herbo),Only The Family,3IaKn0ExWTMPqa0mscUYw3,0.29,0.503,0.832,0.0,0.23,-5.371,0.29,100.053,0.659,15
99,Family Over Everything,spotify:album:02ZR83WPvJLwt9Wdk4s2xO,10,5CbrHPC2ReJej6Q5AmgBm4,This A Story (with King Von),Only The Family,3IaKn0ExWTMPqa0mscUYw3,0.0127,0.864,0.404,0.0,0.119,-16.166,0.43,131.987,0.195,10
100,Family Over Everything,spotify:album:02ZR83WPvJLwt9Wdk4s2xO,11,2S6dPhYW6qhZJ2aVF79OIw,Fake Love (with Lil Durk feat. Lil Tjay),Only The Family,3IaKn0ExWTMPqa0mscUYw3,0.00264,0.677,0.469,3.73e-06,0.113,-8.253,0.274,159.85,0.0974,25
101,Family Over Everything,spotify:album:02ZR83WPvJLwt9Wdk4s2xO,12,6P6TesjIGzAqcxOLg2AUFc,Whole Lotta (with Lil Durk),Only The Family,3IaKn0ExWTMPqa0mscUYw3,0.0135,0.716,0.442,0.0,0.092,-10.737,0.442,163.01,0.132,14
102,Family Over Everything,spotify:album:02ZR83WPvJLwt9Wdk4s2xO,13,7M1PFEkxGO9XRpXcF14cIT,Better (with MK),Only The Family,3IaKn0ExWTMPqa0mscUYw3,0.0394,0.838,0.45,0.0,0.139,-14.36,0.3,136.108,0.34,9
103,Family Over Everything,spotify:album:02ZR83WPvJLwt9Wdk4s2xO,14,5CWEspzQ674hZi0pAbg01e,One Mo Chance (with Lil Durk),Only The Family,3IaKn0ExWTMPqa0mscUYw3,0.0457,0.793,0.549,0.0,0.168,-7.731,0.13,144.001,0.347,12
104,Family Over Everything,spotify:album:02ZR83WPvJLwt9Wdk4s2xO,15,6nwPtXfCIjlZNpoDifTpis,Bad Bitch (with OTF Ikey),Only The Family,3IaKn0ExWTMPqa0mscUYw3,0.102,0.923,0.307,0.0,0.108,-14.941,0.364,115.014,0.465,6
105,Family Over Everything,spotify:album:02ZR83WPvJLwt9Wdk4s2xO,16,5Gs1eLIH8L3jE399KaQrdq,Hang Out (with Doodie Lo & Memo600),Only The Family,3IaKn0ExWTMPqa0mscUYw3,0.00463,0.724,0.474,0.0,0.143,-14.34,0.375,155.099,0.716,6
106,Love Songs 4 The Streets 2,spotify:album:2on4MsaadD3GhX1Z9kbZxl,1,4tX0HwqANO5ZlBcSmDERoT,RN4L,Lil Durk,3hcs9uc56yIGFCSy9leWe7,0.01,0.551,0.535,0.0,0.118,-5.774,0.248,154.177,0.174,51
107,Love Songs 4 The Streets 2,spotify:album:2on4MsaadD3GhX1Z9kbZxl,2,3jEd3dzqfzah2UM8ri3a7d,Like That (feat. King Von),Lil Durk,3hcs9uc56yIGFCSy9leWe7,0.000735,0.778,0.851,0.0,0.376,-2.683,0.201,153.036,0.222,52
108,Love Songs 4 The Streets 2,spotify:album:2on4MsaadD3GhX1Z9kbZxl,3,1UoAvdzaFG3YpMUCwfdIii,Green Light,Lil Durk,3hcs9uc56yIGFCSy9leWe7,0.0198,0.806,0.825,0.0,0.102,-4.401,0.262,145.89,0.613,58
109,Love Songs 4 The Streets 2,spotify:album:2on4MsaadD3GhX1Z9kbZxl,4,3OIEEwH67H60B6HQLLaZFK,Die Slow (feat. 21 Savage),Lil Durk,3hcs9uc56yIGFCSy9leWe7,0.0186,0.87,0.709,0.0,0.107,-4.684,0.235,138.01,0.129,58
110,Love Songs 4 The Streets 2,spotify:album:2on4MsaadD3GhX1Z9kbZxl,5,3oWvwij0tuKWkutrHOcBg7,Locked Up,Lil Durk,3hcs9uc56yIGFCSy9leWe7,0.00915,0.671,0.736,0.0,0.102,-6.271,0.275,164.952,0.303,48
111,Love Songs 4 The Streets 2,spotify:album:2on4MsaadD3GhX1Z9kbZxl,6,6DQ2pfSGJ4rdKOIMDLpy5M,Rebellious,Lil Durk,3hcs9uc56yIGFCSy9leWe7,0.0267,0.572,0.783,0.0,0.0763,-4.551,0.286,160.06,0.594,49
112,Love Songs 4 The Streets 2,spotify:album:2on4MsaadD3GhX1Z9kbZxl,7,209r8VXhRUVmv7A4VnX4fD,U Said (feat. A Boogie Wit da Hoodie),Lil Durk,3hcs9uc56yIGFCSy9leWe7,0.0877,0.839,0.477,0.0,0.112,-5.973,0.32,103.003,0.275,50
113,Love Songs 4 The Streets 2,spotify:album:2on4MsaadD3GhX1Z9kbZxl,8,3mALfB3BW90Nw8qPNVOwiB,Prada You,Lil Durk,3hcs9uc56yIGFCSy9leWe7,0.0103,0.791,0.607,0.0,0.11,-6.593,0.355,150.008,0.498,55
114,Love Songs 4 The Streets 2,spotify:album:2on4MsaadD3GhX1Z9kbZxl,9,3NdVHmdW01RuPiOHSS5x38,Extravagant (feat. Nicki Minaj),Lil Durk,3hcs9uc56yIGFCSy9leWe7,0.0126,0.758,0.537,0.0,0.119,-5.3,0.07,121.996,0.279,49
115,Love Songs 4 The Streets 2,spotify:album:2on4MsaadD3GhX1Z9kbZxl,10,3t6x1j9DqfV83a5EXIwBc3,Bora Bora,Lil Durk,3hcs9uc56yIGFCSy9leWe7,0.16,0.678,0.623,0.0,0.151,-5.034,0.0828,160.018,0.103,66
116,Love Songs 4 The Streets 2,spotify:album:2on4MsaadD3GhX1Z9kbZxl,11,7hpyc0am4vTYj06dxzN52t,Weirdo Hoes,Lil Durk,3hcs9uc56yIGFCSy9leWe7,0.013,0.765,0.706,0.0,0.12,-4.493,0.31,153.138,0.299,56
117,Love Songs 4 The Streets 2,spotify:album:2on4MsaadD3GhX1Z9kbZxl,12,4SS17L2mdbUuzUBrPqPI65,TherlBread,Lil Durk,3hcs9uc56yIGFCSy9leWe7,0.0327,0.458,0.773,0.0,0.137,-4.959,0.216,159.838,0.304,45
118,Love Songs 4 The Streets 2,spotify:album:2on4MsaadD3GhX1Z9kbZxl,13,5NOtyYveF2m1mbFWbS7Mjy,Bougie (feat. Meek Mill),Lil Durk,3hcs9uc56yIGFCSy9leWe7,0.00693,0.641,0.843,0.0,0.113,-4.226,0.361,180.14,0.427,51
119,Love Songs 4 The Streets 2,spotify:album:2on4MsaadD3GhX1Z9kbZxl,14,1lS9xMPiCewkv3aMALaFGJ,Wooh (feat. Key Glock),Lil Durk,3hcs9uc56yIGFCSy9leWe7,0.00476,0.83,0.628,0.000807,0.193,-3.941,0.199,159.982,0.46,45
120,Love Songs 4 The Streets 2,spotify:album:2on4MsaadD3GhX1Z9kbZxl,15,0f3taeuZVDk3mW39k0WG6n,David Ruffin,Lil Durk,3hcs9uc56yIGFCSy9leWe7,0.0238,0.786,0.702,0.0,0.356,-4.846,0.099,155.872,0.159,47
121,Love Songs 4 The Streets 2,spotify:album:2on4MsaadD3GhX1Z9kbZxl,16,1BE13ve26Mc67G3C8REUwx,Love Songs 4 The Streets,Lil Durk,3hcs9uc56yIGFCSy9leWe7,0.0395,0.703,0.813,0.0,0.112,-5.002,0.114,153.942,0.432,52
122,Love Songs 4 The Streets 2,spotify:album:5IVFWiJ0KzJjGmX8t0yoYh,1,3Wfd4W4Md1qigYvl6ORXL7,RN4L,Lil Durk,3hcs9uc56yIGFCSy9leWe7,0.00991,0.557,0.525,7.66e-06,0.119,-5.899,0.248,153.939,0.141,14
123,Love Songs 4 The Streets 2,spotify:album:5IVFWiJ0KzJjGmX8t0yoYh,2,4tr4lxnIWqV2UyLyC32ak9,Like That (feat. King Von),Lil Durk,3hcs9uc56yIGFCSy9leWe7,0.000372,0.773,0.841,0.0,0.388,-2.965,0.117,153.088,0.158,13
124,Love Songs 4 The Streets 2,spotify:album:5IVFWiJ0KzJjGmX8t0yoYh,3,2c3MqC5E6VGa9rD8k2vbty,Green Light,Lil Durk,3hcs9uc56yIGFCSy9leWe7,0.0213,0.807,0.827,0.0,0.102,-4.625,0.268,145.929,0.607,24
125,Love Songs 4 The Streets 2,spotify:album:5IVFWiJ0KzJjGmX8t0yoYh,4,32LMtUtjgKkQLFffMufZCs,Die Slow (feat. 21 Savage),Lil Durk,3hcs9uc56yIGFCSy9leWe7,0.014,0.89,0.72,1.37e-06,0.107,-4.919,0.212,138.027,0.111,20
126,Love Songs 4 The Streets 2,spotify:album:5IVFWiJ0KzJjGmX8t0yoYh,5,4Y3uoi7zzCTYDr0vLgaDTT,Locked Up,Lil Durk,3hcs9uc56yIGFCSy9leWe7,0.00973,0.67,0.723,0.0,0.102,-6.299,0.27,164.935,0.319,14
127,Love Songs 4 The Streets 2,spotify:album:5IVFWiJ0KzJjGmX8t0yoYh,6,6dfqCP2At9pU3vOQ7svdAD,Rebellious,Lil Durk,3hcs9uc56yIGFCSy9leWe7,0.027,0.495,0.782,0.0,0.0761,-4.65,0.27,78.845,0.596,11
128,Love Songs 4 The Streets 2,spotify:album:5IVFWiJ0KzJjGmX8t0yoYh,7,2qot33i9EfOiwr3DBGzpV6,U Said (feat. A Boogie Wit da Hoodie),Lil Durk,3hcs9uc56yIGFCSy9leWe7,0.0827,0.853,0.475,0.0,0.112,-6.039,0.319,102.952,0.24,13
129,Love Songs 4 The Streets 2,spotify:album:5IVFWiJ0KzJjGmX8t0yoYh,8,23FjInwYKupuvUHRG7EJm2,Prada You,Lil Durk,3hcs9uc56yIGFCSy9leWe7,0.00795,0.817,0.578,0.0,0.106,-6.711,0.442,150.052,0.592,15
130,Love Songs 4 The Streets 2,spotify:album:5IVFWiJ0KzJjGmX8t0yoYh,9,3p5u9zJcXCRT3IjlzL4Xnm,Extravagant (feat. Nicki Minaj),Lil Durk,3hcs9uc56yIGFCSy9leWe7,0.00883,0.752,0.534,5.89e-06,0.122,-5.431,0.1,121.954,0.246,20
131,Love Songs 4 The Streets 2,spotify:album:5IVFWiJ0KzJjGmX8t0yoYh,10,6KBIr8vEXOSp9hEEeWA3yF,Bora Bora,Lil Durk,3hcs9uc56yIGFCSy9leWe7,0.131,0.677,0.612,0.0,0.151,-5.209,0.0777,160.084,0.115,18
132,Love Songs 4 The Streets 2,spotify:album:5IVFWiJ0KzJjGmX8t0yoYh,11,4llva5ufC1PkpKF5XLjqjS,Weirdo Hoes,Lil Durk,3hcs9uc56yIGFCSy9leWe7,0.0113,0.761,0.696,0.0,0.12,-4.881,0.26,153.048,0.302,14
133,Love Songs 4 The Streets 2,spotify:album:5IVFWiJ0KzJjGmX8t0yoYh,12,6NjgVh2N6VOD97BFNKFuC4,TherlBread,Lil Durk,3hcs9uc56yIGFCSy9leWe7,0.0293,0.429,0.754,0.0,0.136,-5.006,0.276,159.473,0.338,11
134,Love Songs 4 The Streets 2,spotify:album:5IVFWiJ0KzJjGmX8t0yoYh,13,2wFd2AkzFOJ5s67A8M9XST,Bougie (feat. Meek Mill),Lil Durk,3hcs9uc56yIGFCSy9leWe7,0.00699,0.658,0.852,0.0,0.113,-4.141,0.368,179.903,0.387,22
135,Love Songs 4 The Streets 2,spotify:album:5IVFWiJ0KzJjGmX8t0yoYh,14,0sLjqtFBuLhkb5Ry6ny6DD,Wooh (feat. Key Glock),Lil Durk,3hcs9uc56yIGFCSy9leWe7,0.00279,0.841,0.642,0.0137,0.194,-3.987,0.161,160.033,0.509,11
136,Love Songs 4 The Streets 2,spotify:album:5IVFWiJ0KzJjGmX8t0yoYh,15,0O2ImignEwFFCLLH4xuDCQ,David Ruffin,Lil Durk,3hcs9uc56yIGFCSy9leWe7,0.0198,0.788,0.72,0.0,0.363,-4.853,0.093,155.836,0.172,10
137,Love Songs 4 The Streets 2,spotify:album:5IVFWiJ0KzJjGmX8t0yoYh,16,2tiPP5PvnrhBK7RLQgWNZ0,Love Songs 4 The Streets,Lil Durk,3hcs9uc56yIGFCSy9leWe7,0.0674,0.681,0.818,0.0,0.111,-4.975,0.121,153.974,0.37,13
138,Signed To The Streets 3,spotify:album:3EwMFeUkcp36t9IVJ8d54q,1,61VRPMDzGTCMD7lg1RlaBq,Treacherous,Lil Durk,3hcs9uc56yIGFCSy9leWe7,0.0535,0.734,0.533,0.0,0.094,-7.105,0.528,150.742,0.269,45
139,Signed To The Streets 3,spotify:album:3EwMFeUkcp36t9IVJ8d54q,2,6yh0049uUy718FUnLOP17E,Don't Talk To Me (feat. Gunna),Lil Durk,3hcs9uc56yIGFCSy9leWe7,0.00301,0.925,0.568,1.39e-05,0.137,-6.155,0.062,136.019,0.284,44
140,Signed To The Streets 3,spotify:album:3EwMFeUkcp36t9IVJ8d54q,3,6lCa8pjIU9n3nVI0r62EdM,Spin The Block (feat. Future),Lil Durk,3hcs9uc56yIGFCSy9leWe7,0.002,0.833,0.549,2.37e-06,0.133,-7.215,0.22,175.954,0.328,54
141,Signed To The Streets 3,spotify:album:3EwMFeUkcp36t9IVJ8d54q,4,0kBqgeRsRdvvFqMpiCYRNg,Neighborhood Hero,Lil Durk,3hcs9uc56yIGFCSy9leWe7,0.26,0.678,0.691,0.0,0.126,-6.441,0.287,90.003,0.294,59
142,Signed To The Streets 3,spotify:album:3EwMFeUkcp36t9IVJ8d54q,5,55bBVlWgwZ6yw5ccMkDU5j,100 Grand (feat. Ty Dolla $ign & A Boogie wit da Hoodie),Lil Durk,3hcs9uc56yIGFCSy9leWe7,0.11,0.794,0.637,0.0,0.185,-6.373,0.267,158.098,0.503,53
143,Signed To The Streets 3,spotify:album:3EwMFeUkcp36t9IVJ8d54q,6,6wn4ysn8HVxSzVo82Xk47H,Habit,Lil Durk,3hcs9uc56yIGFCSy9leWe7,0.327,0.759,0.579,0.0,0.0809,-7.148,0.138,82.521,0.116,49
144,Signed To The Streets 3,spotify:album:3EwMFeUkcp36t9IVJ8d54q,7,5uNMSSxk4ve8R7yQnUBQAT,Skrubs,Lil Durk,3hcs9uc56yIGFCSy9leWe7,0.0513,0.741,0.665,0.0,0.119,-5.669,0.364,147.025,0.515,57
145,Signed To The Streets 3,spotify:album:3EwMFeUkcp36t9IVJ8d54q,8,3jKFDZQqYFDAMI7c4gQEdU,Play With Us (feat. Kevin Gates),Lil Durk,3hcs9uc56yIGFCSy9leWe7,0.0414,0.662,0.692,0.0,0.15,-7.119,0.344,86.259,0.444,47
146,Signed To The Streets 3,spotify:album:3EwMFeUkcp36t9IVJ8d54q,9,4YoN2mgVecLrqrhfrNyYM4,Preach,Lil Durk,3hcs9uc56yIGFCSy9leWe7,0.00113,0.604,0.539,0.0,0.128,-5.29,0.17,148.458,0.0875,43
147,Signed To The Streets 3,spotify:album:3EwMFeUkcp36t9IVJ8d54q,10,6jQdrnnaQnoPiGgDEn0xcM,India Pt. II,Lil Durk,3hcs9uc56yIGFCSy9leWe7,0.121,0.746,0.664,0.000256,0.127,-4.858,0.0491,74.989,0.447,55
148,Signed To The Streets 3,spotify:album:3EwMFeUkcp36t9IVJ8d54q,11,39xaGZ9mbU8Coujwffsio6,Spazz,Lil Durk,3hcs9uc56yIGFCSy9leWe7,0.389,0.796,0.705,0.0,0.136,-5.331,0.107,151.966,0.412,44
149,Signed To The Streets 3,spotify:album:3EwMFeUkcp36t9IVJ8d54q,12,0cEkKU1yLAiBRa8lai4AFi,Home Body (feat. Gunna & TK Kravitz),Lil Durk,3hcs9uc56yIGFCSy9leWe7,0.265,0.684,0.608,0.0,0.131,-6.616,0.641,84.766,0.363,67
150,Signed To The Streets 3,spotify:album:3EwMFeUkcp36t9IVJ8d54q,13,7ihTrFX15onWzNwCHCD2w2,Benihana (feat. Kodak Black),Lil Durk,3hcs9uc56yIGFCSy9leWe7,0.071,0.775,0.679,0.0,0.109,-6.376,0.167,76.993,0.494,47
151,Signed To The Streets 3,spotify:album:3EwMFeUkcp36t9IVJ8d54q,14,6w6UBeoEKj5aOV2Z04CcVD,I Know,Lil Durk,3hcs9uc56yIGFCSy9leWe7,0.0259,0.673,0.603,0.0,0.0469,-7.051,0.169,139.978,0.28,50
152,Signed To The Streets 3,spotify:album:3EwMFeUkcp36t9IVJ8d54q,15,5GaI779eVPipV1XJsyNhpj,Astronomical,Lil Durk,3hcs9uc56yIGFCSy9leWe7,0.0377,0.83,0.657,0.0,0.229,-6.123,0.293,156.996,0.409,41
153,Signed To The Streets 3,spotify:album:3EwMFeUkcp36t9IVJ8d54q,16,3fZVaBxYP3KdkSmTEWbl1d,Downfall (feat. Young Dolph & Lil Baby),Lil Durk,3hcs9uc56yIGFCSy9leWe7,0.207,0.657,0.687,0.0,0.201,-5.318,0.445,83.098,0.434,52
154,Signed To The Streets 3,spotify:album:3EwMFeUkcp36t9IVJ8d54q,17,6mj0tbBmZtEiZkmJr25IiX,Did For The Streets,Lil Durk,3hcs9uc56yIGFCSy9leWe7,0.362,0.623,0.43,0.0,0.12,-10.527,0.389,164.155,0.544,44
155,Signed To The Streets 3,spotify:album:3EwMFeUkcp36t9IVJ8d54q,18,3P4X0Xg0YkOnmfgMZ3U7HH,Is What It Is,Lil Durk,3hcs9uc56yIGFCSy9leWe7,0.109,0.802,0.735,0.0,0.142,-3.695,0.146,148.056,0.233,45
156,Signed To The Streets 3,spotify:album:3EwMFeUkcp36t9IVJ8d54q,19,3XcnvbkurHelpe04EETr9k,Way More,Lil Durk,3hcs9uc56yIGFCSy9leWe7,0.105,0.718,0.455,0.0,0.121,-7.109,0.316,161.027,0.199,43
157,Signed To The Streets 3,spotify:album:3EwMFeUkcp36t9IVJ8d54q,20,316R2o0sNz4kCKyR0DOCVj,Rockstar (feat. Lil Skies),Lil Durk,3hcs9uc56yIGFCSy9leWe7,0.205,0.443,0.691,0.0,0.547,-6.228,0.124,148.385,0.344,48
158,Signed To The Streets 3,spotify:album:32lG6LGJ0i72CUWCqAcpmm,1,2zkhty0ud0Sg56IfSx2BsI,Treacherous,Lil Durk,3hcs9uc56yIGFCSy9leWe7,0.0733,0.622,0.51,0.0,0.0914,-7.197,0.519,150.421,0.258,13
159,Signed To The Streets 3,spotify:album:32lG6LGJ0i72CUWCqAcpmm,2,5U2dkg7PWJ0Ju737z9SvmT,Don't Talk To Me (feat. Gunna),Lil Durk,3hcs9uc56yIGFCSy9leWe7,0.00222,0.926,0.585,7.18e-06,0.155,-6.204,0.0659,136.047,0.298,16
160,Signed To The Streets 3,spotify:album:32lG6LGJ0i72CUWCqAcpmm,3,3V5hr1V6uBuDk7LwYtkm6Y,Spin The Block (feat. Future),Lil Durk,3hcs9uc56yIGFCSy9leWe7,0.0461,0.718,0.513,0.0,0.206,-7.816,0.197,176.137,0.486,16
161,Signed To The Streets 3,spotify:album:32lG6LGJ0i72CUWCqAcpmm,4,5hm97VtDV9sIxBHknh6poC,Neighborhood Hero,Lil Durk,3hcs9uc56yIGFCSy9leWe7,0.213,0.669,0.68,0.0,0.125,-6.559,0.29,89.977,0.235,20
162,Signed To The Streets 3,spotify:album:32lG6LGJ0i72CUWCqAcpmm,5,71JFKugJ6LbiKIvo49m7OZ,100 Grand (feat. Ty Dolla $ign & A Boogie wit da Hoodie),Lil Durk,3hcs9uc56yIGFCSy9leWe7,0.114,0.79,0.599,0.0,0.149,-6.444,0.29,158.153,0.478,17
163,Signed To The Streets 3,spotify:album:32lG6LGJ0i72CUWCqAcpmm,6,37kgVSDLO5N1Mwgy0B3yeI,Habit,Lil Durk,3hcs9uc56yIGFCSy9leWe7,0.334,0.769,0.576,0.0,0.0854,-7.403,0.192,82.553,0.0978,14
164,Signed To The Streets 3,spotify:album:32lG6LGJ0i72CUWCqAcpmm,7,7c7tQWlSoKt8soDjbr6FYh,Skrubs,Lil Durk,3hcs9uc56yIGFCSy9leWe7,0.0517,0.741,0.658,0.0,0.119,-5.671,0.36,146.915,0.548,17
165,Signed To The Streets 3,spotify:album:32lG6LGJ0i72CUWCqAcpmm,8,1xcJdhuuuE3b1nJmFgTtN4,Play With Us (feat. Kevin Gates),Lil Durk,3hcs9uc56yIGFCSy9leWe7,0.0525,0.492,0.664,0.0,0.155,-7.3,0.486,79.737,0.41,15
166,Signed To The Streets 3,spotify:album:32lG6LGJ0i72CUWCqAcpmm,9,6mBZv6iSM0uXzKE32XbaYx,Preach,Lil Durk,3hcs9uc56yIGFCSy9leWe7,0.0018,0.817,0.565,0.0,0.128,-4.944,0.0753,148.461,0.096,11
167,Signed To The Streets 3,spotify:album:32lG6LGJ0i72CUWCqAcpmm,10,5S3512OEqkNhLxuaplhpIN,India Pt. II,Lil Durk,3hcs9uc56yIGFCSy9leWe7,0.116,0.738,0.643,0.000933,0.128,-4.887,0.0531,75.009,0.454,20
168,Signed To The Streets 3,spotify:album:32lG6LGJ0i72CUWCqAcpmm,11,2iJ6h0xBWkjWE4fKadp9Gw,Spazz,Lil Durk,3hcs9uc56yIGFCSy9leWe7,0.36,0.803,0.698,0.0,0.136,-5.112,0.0872,152.008,0.378,12
169,Signed To The Streets 3,spotify:album:32lG6LGJ0i72CUWCqAcpmm,12,5mpUBWbdUUzjTb640Fddqo,Home Body (feat. Gunna & TK Kravitz),Lil Durk,3hcs9uc56yIGFCSy9leWe7,0.354,0.588,0.593,0.0,0.115,-6.254,0.846,85.219,0.292,21
170,Signed To The Streets 3,spotify:album:32lG6LGJ0i72CUWCqAcpmm,13,5eHXAAfHjewbyfD2RF6NWZ,Benihana,Lil Durk,3hcs9uc56yIGFCSy9leWe7,0.0719,0.771,0.679,0.0,0.0934,-6.389,0.173,76.992,0.418,16
171,Signed To The Streets 3,spotify:album:32lG6LGJ0i72CUWCqAcpmm,14,6fL06C8nSFNLZ8mL9KWzvJ,I Know,Lil Durk,3hcs9uc56yIGFCSy9leWe7,0.0276,0.668,0.582,0.0,0.0552,-7.173,0.171,140.072,0.249,14
172,Signed To The Streets 3,spotify:album:32lG6LGJ0i72CUWCqAcpmm,15,6osfML7thxF8cImSIWC9Hc,Astronomical,Lil Durk,3hcs9uc56yIGFCSy9leWe7,0.0301,0.833,0.64,0.0,0.247,-6.225,0.287,157.008,0.364,10
173,Signed To The Streets 3,spotify:album:32lG6LGJ0i72CUWCqAcpmm,16,7Lrp18e1xfkrrJHjeQIhk6,Downfall (feat. Young Dolph & Lil Baby),Lil Durk,3hcs9uc56yIGFCSy9leWe7,0.265,0.513,0.641,0.0,0.206,-5.44,0.496,80.796,0.359,19
174,Signed To The Streets 3,spotify:album:32lG6LGJ0i72CUWCqAcpmm,17,1cmcXWnMqym2u5B16nn7Gr,Did For The Streets,Lil Durk,3hcs9uc56yIGFCSy9leWe7,0.341,0.631,0.439,2.01e-06,0.12,-10.406,0.364,164.074,0.537,12
175,Signed To The Streets 3,spotify:album:32lG6LGJ0i72CUWCqAcpmm,18,1FTcpwHyZsaB7GPVzgAOsv,Is What It Is,Lil Durk,3hcs9uc56yIGFCSy9leWe7,0.078,0.801,0.73,0.0,0.136,-3.763,0.166,147.998,0.211,12
176,Signed To The Streets 3,spotify:album:32lG6LGJ0i72CUWCqAcpmm,19,1WK2toJa83xcPq5keDC1eJ,Way More,Lil Durk,3hcs9uc56yIGFCSy9leWe7,0.113,0.733,0.44,0.0,0.128,-7.295,0.358,161.042,0.194,11
177,Signed To The Streets 3,spotify:album:32lG6LGJ0i72CUWCqAcpmm,20,3SMxW8OYKVHE4NuLBCXDZd,Rockstar (feat. Lil Skies),Lil Durk,3hcs9uc56yIGFCSy9leWe7,0.211,0.449,0.658,0.0,0.244,-6.373,0.12,148.197,0.359,17
178,Just Cause Y'all Waited,spotify:album:1uK2Ylhdap9LEPWEtDNBRu,1,1BN892sr4Ttr6LO0WtgSFx,Public Housing,Lil Durk,3hcs9uc56yIGFCSy9leWe7,0.0191,0.699,0.694,0.0,0.133,-5.219,0.149,174.976,0.23,41
179,Just Cause Y'all Waited,spotify:album:1uK2Ylhdap9LEPWEtDNBRu,2,3qDpfS6oNnXOEKaJNNr8zT,Just Flow,Lil Durk,3hcs9uc56yIGFCSy9leWe7,0.0562,0.521,0.7,0.0,0.244,-5.679,0.434,160.246,0.212,33
180,Just Cause Y'all Waited,spotify:album:1uK2Ylhdap9LEPWEtDNBRu,3,65laltYUKTdVu01aEn2nmm,When I Was Little,Lil Durk,3hcs9uc56yIGFCSy9leWe7,0.00486,0.875,0.58,2.9e-06,0.171,-6.957,0.326,147.941,0.0969,32
181,Just Cause Y'all Waited,spotify:album:1uK2Ylhdap9LEPWEtDNBRu,4,2ub9SKEk2RC7VyS1MUaGFS,How I Know,Lil Durk,3hcs9uc56yIGFCSy9leWe7,0.256,0.545,0.804,0.0,0.153,-4.716,0.198,169.975,0.329,57
182,Just Cause Y'all Waited,spotify:album:1uK2Ylhdap9LEPWEtDNBRu,5,6iLRFwirCeD375tVl76vjE,Granny Crib,Lil Durk,3hcs9uc56yIGFCSy9leWe7,0.0114,0.804,0.6,0.0,0.178,-4.773,0.347,172.014,0.535,41
183,Just Cause Y'all Waited,spotify:album:1uK2Ylhdap9LEPWEtDNBRu,6,2K59oLhgYglmFUE4u1X8iW,1(773) Vulture,Lil Durk,3hcs9uc56yIGFCSy9leWe7,0.405,0.576,0.61,0.0,0.11,-6.123,0.257,132.086,0.0624,43
184,Just Cause Y'all Waited,spotify:album:1uK2Ylhdap9LEPWEtDNBRu,7,6wlK5pPaeWWAS4Fzff3hcK,Breather,Lil Durk,3hcs9uc56yIGFCSy9leWe7,0.0814,0.809,0.506,0.0,0.106,-6.594,0.128,132.01,0.611,43
185,Just Cause Y'all Waited,spotify:album:1uK2Ylhdap9LEPWEtDNBRu,8,0rpqbQCNydbmOXuS5UwAJZ,Home Body,Lil Durk,3hcs9uc56yIGFCSy9leWe7,0.256,0.66,0.609,0.0,0.131,-6.616,0.663,84.529,0.36,57
186,Just Cause Y'all Waited,spotify:album:1uK2Ylhdap9LEPWEtDNBRu,9,7iLjGSnaBwoQBvMslCL4kF,Durkio Krazy,Lil Durk,3hcs9uc56yIGFCSy9leWe7,0.461,0.742,0.582,0.0,0.126,-6.397,0.437,83.075,0.539,46
187,Just Cause Y'all Waited,spotify:album:1uK2Ylhdap9LEPWEtDNBRu,10,0NxQ8jydaiLhAyNcZPkf9p,Instigator,Lil Durk,3hcs9uc56yIGFCSy9leWe7,0.0309,0.67,0.711,0.0,0.107,-5.274,0.417,111.373,0.433,44
188,Just Cause Y'all Waited,spotify:album:1uK2Ylhdap9LEPWEtDNBRu,11,5uMHMG9Guu7cEF8QIzhoEC,Crossroads,Lil Durk,3hcs9uc56yIGFCSy9leWe7,0.472,0.699,0.527,0.0,0.273,-9.541,0.271,145.112,0.152,36
189,Just Cause Y'all Waited,spotify:album:1uK2Ylhdap9LEPWEtDNBRu,12,0i8SSU7dffBYaXiQQYHzOo,My Bruddas,Lil Durk,3hcs9uc56yIGFCSy9leWe7,0.0956,0.826,0.739,0.0,0.0706,-4.042,0.273,148.011,0.463,36
190,Just Cause Y'all Waited,spotify:album:0pMJee8P5SbiYnrimfuRo0,1,6RTmDIYh68aMenbPlJLWGM,Public Housing,Lil Durk,3hcs9uc56yIGFCSy9leWe7,0.0121,0.734,0.691,0.0,0.135,-5.547,0.149,175.011,0.22,18
191,Just Cause Y'all Waited,spotify:album:0pMJee8P5SbiYnrimfuRo0,2,421dPpcBwxqOLlO0YPNNyb,Just Flow,Lil Durk,3hcs9uc56yIGFCSy9leWe7,0.0332,0.559,0.677,2.44e-06,0.196,-6.113,0.359,159.899,0.161,10
192,Just Cause Y'all Waited,spotify:album:0pMJee8P5SbiYnrimfuRo0,3,5OlDMtJOsDoco6cUbP1rrn,When I Was Little,Lil Durk,3hcs9uc56yIGFCSy9leWe7,0.00721,0.877,0.591,1.05e-05,0.0967,-6.503,0.327,147.913,0.0796,9
193,Just Cause Y'all Waited,spotify:album:0pMJee8P5SbiYnrimfuRo0,4,3A8xXT53kMcf81vziKL7db,How I Know (feat. Lil Baby),Lil Durk,3hcs9uc56yIGFCSy9leWe7,0.207,0.627,0.779,0.0,0.152,-5.203,0.216,84.806,0.313,30
194,Just Cause Y'all Waited,spotify:album:0pMJee8P5SbiYnrimfuRo0,5,3KOfg9kDHT4PmQn1RtupZX,Granny Crib,Lil Durk,3hcs9uc56yIGFCSy9leWe7,0.0547,0.821,0.642,0.0,0.14,-4.458,0.294,172.063,0.403,12
195,Just Cause Y'all Waited,spotify:album:0pMJee8P5SbiYnrimfuRo0,6,7qpNXQQ4KYHeIkSCc2xLF6,1(773) Vulture,Lil Durk,3hcs9uc56yIGFCSy9leWe7,0.276,0.561,0.562,0.0,0.111,-7.336,0.115,99.977,0.0663,13
196,Just Cause Y'all Waited,spotify:album:0pMJee8P5SbiYnrimfuRo0,7,2oKeefA5ONCGrNj2GTq8CG,Home Body (feat. Gunna & TK Kravitz),Lil Durk,3hcs9uc56yIGFCSy9leWe7,0.35,0.671,0.587,0.0,0.115,-6.263,0.705,113.432,0.29,17
197,Just Cause Y'all Waited,spotify:album:0pMJee8P5SbiYnrimfuRo0,8,1vInhX4eGb5SObVA9afaW2,Durkio Krazy,Lil Durk,3hcs9uc56yIGFCSy9leWe7,0.436,0.649,0.602,0.0,0.115,-5.712,0.53,82.821,0.56,12
198,Just Cause Y'all Waited,spotify:album:0pMJee8P5SbiYnrimfuRo0,9,4Ljx2HZD25lwTPNmvVjzLR,Instigator,Lil Durk,3hcs9uc56yIGFCSy9leWe7,0.0314,0.686,0.691,0.0,0.109,-5.422,0.437,111.102,0.44,15
199,Just Cause Y'all Waited,spotify:album:0pMJee8P5SbiYnrimfuRo0,10,3KEuO7CyIcKanXIzBTeNPg,Crossroads,Lil Durk,3hcs9uc56yIGFCSy9leWe7,0.338,0.706,0.545,0.0,0.214,-8.822,0.293,145.173,0.184,11
200,Just Cause Y'all Waited,spotify:album:0pMJee8P5SbiYnrimfuRo0,11,3qjX2vbPB9bFCTxgvz4WlW,My Bruddas,Lil Durk,3hcs9uc56yIGFCSy9leWe7,0.072,0.843,0.633,0.0,0.0706,-5.825,0.275,148.019,0.501,11
201,Just Cause Yall Waited,spotify:album:3YFyGICWFpYXEhnsvoJT2i,1,0fqK6L6SO2fM2fJKR53O2g,Public Housing,Lil Durk,3hcs9uc56yIGFCSy9leWe7,0.0208,0.702,0.707,0.0,0.127,-5.232,0.138,174.992,0.259,36
202,Just Cause Yall Waited,spotify:album:3YFyGICWFpYXEhnsvoJT2i,2,75dluLqY0CcjXGu4CKHJlg,Just Flow,Lil Durk,3hcs9uc56yIGFCSy9leWe7,0.0488,0.554,0.69,0.0,0.218,-5.683,0.39,159.984,0.209,32
203,Just Cause Yall Waited,spotify:album:3YFyGICWFpYXEhnsvoJT2i,3,5rdNyCVDNu9lhKB96zbBCL,When I Was Little,Lil Durk,3hcs9uc56yIGFCSy9leWe7,0.00477,0.872,0.573,2.26e-06,0.139,-7.007,0.351,147.944,0.072,31
204,Just Cause Yall Waited,spotify:album:3YFyGICWFpYXEhnsvoJT2i,4,3ELZ03zbFbXY1OPVs4zFW6,How I Know,Lil Durk,3hcs9uc56yIGFCSy9leWe7,0.287,0.513,0.803,0.0,0.109,-4.803,0.239,170.168,0.318,41
205,Just Cause Yall Waited,spotify:album:3YFyGICWFpYXEhnsvoJT2i,5,7tGdYjTBIAKuZkJ53Vsu9n,Granny Crib,Lil Durk,3hcs9uc56yIGFCSy9leWe7,0.0123,0.791,0.6,0.0,0.182,-4.801,0.356,172.035,0.515,36
206,Just Cause Yall Waited,spotify:album:3YFyGICWFpYXEhnsvoJT2i,6,1NcvJ66lgQpPwez0eOOk8W,1(773) Vulture,Lil Durk,3hcs9uc56yIGFCSy9leWe7,0.393,0.686,0.612,0.0,0.111,-6.026,0.228,99.805,0.0616,39
207,Just Cause Yall Waited,spotify:album:3YFyGICWFpYXEhnsvoJT2i,7,35fuIQgMMM22vRm3pgcHua,Breather,Lil Durk,3hcs9uc56yIGFCSy9leWe7,0.0759,0.805,0.505,0.0,0.105,-6.649,0.132,131.976,0.61,36
208,Just Cause Yall Waited,spotify:album:3YFyGICWFpYXEhnsvoJT2i,8,1AhwQKLymOi4wJGbaf8bYO,Home Body,Lil Durk,3hcs9uc56yIGFCSy9leWe7,0.239,0.758,0.599,0.0,0.145,-6.648,0.573,84.771,0.357,36
209,Just Cause Yall Waited,spotify:album:3YFyGICWFpYXEhnsvoJT2i,9,3FUDIlninE68SlaHuSfTwF,Durkio Krazy,Lil Durk,3hcs9uc56yIGFCSy9leWe7,0.485,0.738,0.582,0.0,0.115,-6.439,0.464,83.039,0.525,39
210,Just Cause Yall Waited,spotify:album:3YFyGICWFpYXEhnsvoJT2i,10,2UyGbTBjhyh2EpHaJXZGne,Instigator,Lil Durk,3hcs9uc56yIGFCSy9leWe7,0.0244,0.677,0.713,0.0,0.106,-5.34,0.411,111.103,0.444,38
211,Just Cause Yall Waited,spotify:album:3YFyGICWFpYXEhnsvoJT2i,11,5rrN6HYTFR6jmJssnas5qp,Crossroads,Lil Durk,3hcs9uc56yIGFCSy9leWe7,0.49,0.697,0.52,0.0,0.267,-9.657,0.3,145.084,0.145,33
212,Just Cause Yall Waited,spotify:album:3YFyGICWFpYXEhnsvoJT2i,12,6dRwJ0jcD1Yiir47KxfirI,My Bruddas,Lil Durk,3hcs9uc56yIGFCSy9leWe7,0.0917,0.823,0.736,0.0,0.0975,-4.07,0.323,148.139,0.43,32
213,Bloodas,spotify:album:19YlQK3Zr5gZgEZXrmgayO,1,0XEFerW6wjaMMhJ2EYvmfG,Bloodas,Tee Grizzley,6AUl0ykLLpvTktob97x9hO,0.00181,0.817,0.697,0.00011,0.107,-6.108,0.31,150.062,0.553,38
214,Bloodas,spotify:album:19YlQK3Zr5gZgEZXrmgayO,2,0RkfxJwAp8x0M6bzVbe2Bh,WhatYo City Like,Tee Grizzley,6AUl0ykLLpvTktob97x9hO,0.0304,0.846,0.637,0.0,0.0974,-7.434,0.327,158.082,0.561,42
215,Bloodas,spotify:album:19YlQK3Zr5gZgEZXrmgayO,3,0PTJbGxtqUdUBP9oz3xIaW,Category Hoes,Tee Grizzley,6AUl0ykLLpvTktob97x9hO,0.0517,0.672,0.72,0.000136,0.408,-5.127,0.267,160.069,0.334,36
216,Bloodas,spotify:album:19YlQK3Zr5gZgEZXrmgayO,4,7zb1Sx2MUU4MJ7gAB3lnI6,3rd Person,Tee Grizzley,6AUl0ykLLpvTktob97x9hO,0.0207,0.793,0.659,0.0,0.106,-5.643,0.107,149.98,0.158,45
217,Bloodas,spotify:album:19YlQK3Zr5gZgEZXrmgayO,5,33nLdphp8HzRaRCfi38x0g,Flyers Up,Tee Grizzley,6AUl0ykLLpvTktob97x9hO,0.064,0.893,0.59,0.0,0.12,-6.99,0.189,133.119,0.154,42
218,Bloodas,spotify:album:19YlQK3Zr5gZgEZXrmgayO,6,4lr1FqhocDPtd6aAdFGRTN,Factors,Tee Grizzley,6AUl0ykLLpvTktob97x9hO,0.00907,0.865,0.779,4.18e-05,0.169,-7.424,0.253,139.944,0.576,35
219,Bloodas,spotify:album:19YlQK3Zr5gZgEZXrmgayO,7,32yV1skI7yst6755tD4aXc,Rappers,Tee Grizzley,6AUl0ykLLpvTktob97x9hO,0.0114,0.752,0.702,0.0,0.151,-6.116,0.106,150.108,0.275,34
220,Bloodas,spotify:album:19YlQK3Zr5gZgEZXrmgayO,8,7mwDCUDhgH24oDeJZh14jJ,Ratchet Ass,Tee Grizzley,6AUl0ykLLpvTktob97x9hO,0.0103,0.887,0.72,3.7e-06,0.128,-6.747,0.227,148.026,0.709,34
221,Bloodas,spotify:album:19YlQK3Zr5gZgEZXrmgayO,9,56YM7bTfmk4JVE4TGWawiY,Ohhwee,Tee Grizzley,6AUl0ykLLpvTktob97x9hO,0.00545,0.762,0.776,0.0,0.179,-5.328,0.36,168.06,0.29,35
222,Bloodas,spotify:album:19YlQK3Zr5gZgEZXrmgayO,10,0zv5F8ibI9Vv1k4R7fmMWN,Dirty Stick,Tee Grizzley,6AUl0ykLLpvTktob97x9hO,0.0022,0.892,0.752,2.08e-05,0.333,-7.487,0.315,150.017,0.595,32
223,Bloodas,spotify:album:19YlQK3Zr5gZgEZXrmgayO,11,4YVQ6oy6fbMmG0T99rnsHD,Melody,Tee Grizzley,6AUl0ykLLpvTktob97x9hO,0.123,0.743,0.685,0.0,0.118,-6.172,0.248,147.815,0.568,41
224,Bloodas,spotify:album:19YlQK3Zr5gZgEZXrmgayO,12,0OKYStcQpMyHdVVu0tDGa3,Ungrateful,Tee Grizzley,6AUl0ykLLpvTktob97x9hO,0.299,0.699,0.666,0.0,0.129,-8.432,0.427,146.915,0.564,37
225,Signed to the Streets 2.5,spotify:album:4o663kqmvD7guquI85fbok,1,67vxFzqlmmvTaNS5dZS96M,The Story 2.5,Lil Durk,3hcs9uc56yIGFCSy9leWe7,0.0245,0.713,0.697,0.0,0.181,-5.321,0.347,144.153,0.509,40
226,Signed to the Streets 2.5,spotify:album:4o663kqmvD7guquI85fbok,2,5x9JQqgFQwTG6VqJ3nQ79s,Don't Love (feat. Derez Deshon),Lil Durk,3hcs9uc56yIGFCSy9leWe7,0.000827,0.623,0.644,0.0,0.0966,-6.423,0.273,156.249,0.129,35
227,Signed to the Streets 2.5,spotify:album:4o663kqmvD7guquI85fbok,3,4oMR0nmRducAne28b4VQUJ,Make It Out,Lil Durk,3hcs9uc56yIGFCSy9leWe7,0.0138,0.591,0.509,0.0,0.352,-10.282,0.349,150.211,0.163,52
228,Signed to the Streets 2.5,spotify:album:4o663kqmvD7guquI85fbok,4,2bPYtv3okqX5zpSxtwLBuu,India,Lil Durk,3hcs9uc56yIGFCSy9leWe7,0.0787,0.79,0.56,0.0,0.344,-7.043,0.341,145.012,0.133,60
229,Signed to the Streets 2.5,spotify:album:4o663kqmvD7guquI85fbok,5,5c5nxi828Hdd6uTDX7fJbi,Too Raw,Lil Durk,3hcs9uc56yIGFCSy9leWe7,0.00797,0.684,0.815,0.0,0.251,-5.697,0.0875,76.016,0.0462,33
230,Signed to the Streets 2.5,spotify:album:4o663kqmvD7guquI85fbok,6,2nVSHyjWomTKE8CplWBaRS,Basically Fr,Lil Durk,3hcs9uc56yIGFCSy9leWe7,0.0227,0.716,0.572,1.59e-05,0.114,-5.779,0.11,148.938,0.304,33
231,Signed to the Streets 2.5,spotify:album:4o663kqmvD7guquI85fbok,7,7cr0gMXiFe4bSFmza3Jaw9,Streets Want Me (feat. Moneybagg Yo),Lil Durk,3hcs9uc56yIGFCSy9leWe7,0.186,0.539,0.818,0.0,0.086,-2.974,0.355,160.667,0.386,37
232,Signed to the Streets 2.5,spotify:album:4o663kqmvD7guquI85fbok,8,3Af6y2RjxniAS9DwddfyB4,Feel Good (feat. YFN Lucci),Lil Durk,3hcs9uc56yIGFCSy9leWe7,0.0271,0.759,0.54,0.0,0.0913,-6.089,0.0397,129.972,0.27,33
233,Signed to the Streets 2.5,spotify:album:4o663kqmvD7guquI85fbok,9,4BGwT0IUZN6seE6daCE4yk,True Colors,Lil Durk,3hcs9uc56yIGFCSy9leWe7,0.0187,0.521,0.702,0.0,0.163,-8.49,0.418,105.637,0.185,41
234,Love Songs for the Streets,spotify:album:1HVGubsw61xsQWx0xbMjCb,1,3u44fKMr6cxOnI15gUpCqh,No Choice,Lil Durk,3hcs9uc56yIGFCSy9leWe7,0.279,0.672,0.726,1.23e-06,0.0986,-4.433,0.179,146.0,0.452,31
235,Love Songs for the Streets,spotify:album:1HVGubsw61xsQWx0xbMjCb,2,3cmy8T3JdbYEuOnUOVtJkG,Pick Your Poison,Lil Durk,3hcs9uc56yIGFCSy9leWe7,0.00183,0.676,0.761,0.0,0.172,-6.305,0.0515,150.007,0.675,35
236,Love Songs for the Streets,spotify:album:1HVGubsw61xsQWx0xbMjCb,3,6K0wxYOTrAxGKfZNLx9ZdD,Handouts,Lil Durk,3hcs9uc56yIGFCSy9leWe7,0.0793,0.861,0.632,0.0,0.299,-7.113,0.423,150.001,0.633,30
237,Love Songs for the Streets,spotify:album:1HVGubsw61xsQWx0xbMjCb,4,6E5nLqr2f5MfwECPEjDOza,Lately,Lil Durk,3hcs9uc56yIGFCSy9leWe7,0.0169,0.769,0.522,0.0,0.119,-7.569,0.142,149.092,0.103,32
238,Love Songs for the Streets,spotify:album:1HVGubsw61xsQWx0xbMjCb,5,3pEY4jsSSK9XMvMITzqv9X,Mood,Lil Durk,3hcs9uc56yIGFCSy9leWe7,0.0435,0.735,0.504,0.0,0.116,-6.864,0.277,155.018,0.331,37
239,Love Songs for the Streets,spotify:album:1HVGubsw61xsQWx0xbMjCb,6,7g75iCtwUu9Z7MVoT2zkdd,Better,Lil Durk,3hcs9uc56yIGFCSy9leWe7,0.0248,0.635,0.647,0.0,0.0627,-6.928,0.289,149.958,0.147,36
240,Love Songs for the Streets,spotify:album:1HVGubsw61xsQWx0xbMjCb,7,1EL550DRMlY241cFuSYnAG,Uzi,Lil Durk,3hcs9uc56yIGFCSy9leWe7,0.00329,0.752,0.575,1.62e-06,0.0928,-9.571,0.114,154.028,0.436,35
241,Love Songs for the Streets,spotify:album:1HVGubsw61xsQWx0xbMjCb,8,1SYtrRPINegKNp3lNLIkFo,No Love,Lil Durk,3hcs9uc56yIGFCSy9leWe7,0.236,0.658,0.597,0.000101,0.522,-6.253,0.0543,128.075,0.197,35
242,Love Songs for the Streets,spotify:album:1HVGubsw61xsQWx0xbMjCb,9,1ZuIMVMm8oYGgQWAc106h6,What If,Lil Durk,3hcs9uc56yIGFCSy9leWe7,0.0201,0.619,0.642,0.0,0.178,-7.063,0.215,144.817,0.426,36
243,Life Ain't No Joke,spotify:album:27mvi1UxuVUFXffk4eqQk2,1,4xx1O3QAkaWqA1eD8f7QKi,52 Barz,Lil Durk,3hcs9uc56yIGFCSy9leWe7,0.17,0.651,0.724,0.0,0.635,-4.752,0.304,142.192,0.432,25
244,Life Ain't No Joke,spotify:album:27mvi1UxuVUFXffk4eqQk2,2,2oKaw5ETG2M4z64ekDg2hK,Dem Niggaz,Lil Durk,3hcs9uc56yIGFCSy9leWe7,0.23,0.461,0.888,0.0,0.486,-5.672,0.115,140.118,0.712,17
245,Life Ain't No Joke,spotify:album:27mvi1UxuVUFXffk4eqQk2,3,6YiBFwEOmFbr6EJupX4zGd,Right Here,Lil Durk,3hcs9uc56yIGFCSy9leWe7,0.254,0.562,0.724,0.00438,0.401,-5.233,0.0333,130.02,0.471,28
246,Life Ain't No Joke,spotify:album:27mvi1UxuVUFXffk4eqQk2,4,3OSZste3lVGMkP3vSAWNej,Action,Lil Durk,3hcs9uc56yIGFCSy9leWe7,0.239,0.634,0.963,8.54e-06,0.31,-4.68,0.343,140.035,0.447,17
247,Life Ain't No Joke,spotify:album:27mvi1UxuVUFXffk4eqQk2,5,3K44yCTSuon9qwb7bXy5mk,Mollygurl,Lil Durk,3hcs9uc56yIGFCSy9leWe7,0.214,0.512,0.815,3.95e-06,0.863,-5.926,0.108,148.072,0.656,39
248,Life Ain't No Joke,spotify:album:27mvi1UxuVUFXffk4eqQk2,6,2LFf7x0ff3hFsmGEGSWGEb,I'm On,Lil Durk,3hcs9uc56yIGFCSy9leWe7,0.0109,0.522,0.69,3.65e-06,0.279,-5.031,0.0483,131.973,0.201,17
249,Life Ain't No Joke,spotify:album:27mvi1UxuVUFXffk4eqQk2,7,2bBt32T1UfqNbOabObk8nZ,Rydah,Lil Durk,3hcs9uc56yIGFCSy9leWe7,0.000195,0.548,0.784,3.51e-05,0.486,-6.622,0.0362,140.031,0.223,20
250,Life Ain't No Joke,spotify:album:27mvi1UxuVUFXffk4eqQk2,8,3Hg6YbmI7C54eajRUg2r0n,Disappearing,Lil Durk,3hcs9uc56yIGFCSy9leWe7,0.0581,0.647,0.953,0.0,0.353,-5.415,0.231,124.958,0.364,17
251,Life Ain't No Joke,spotify:album:27mvi1UxuVUFXffk4eqQk2,9,51Wp96iBTwCfPeuPLpgyZC,Fuck Em,Lil Durk,3hcs9uc56yIGFCSy9leWe7,0.0474,0.625,0.901,0.0,0.267,-5.905,0.456,142.212,0.705,18
252,Life Ain't No Joke,spotify:album:27mvi1UxuVUFXffk4eqQk2,10,4a4OXgQGRIiItUPsL41bj6,Days of our Lives,Lil Durk,3hcs9uc56yIGFCSy9leWe7,0.0801,0.73,0.825,0.0,0.428,-5.525,0.0987,128.967,0.686,23
253,Life Ain't No Joke,spotify:album:27mvi1UxuVUFXffk4eqQk2,11,1zI55Cp2rfbsFsUQeFnDLK,Animal,Lil Durk,3hcs9uc56yIGFCSy9leWe7,0.374,0.684,0.814,0.0,0.702,-5.239,0.14,137.923,0.762,18
254,Life Ain't No Joke,spotify:album:27mvi1UxuVUFXffk4eqQk2,12,1CztUXxOI7HWMbNJMWfTiw,Homicide,Lil Durk,3hcs9uc56yIGFCSy9leWe7,0.0798,0.58,0.969,8.83e-06,0.403,-6.046,0.262,128.238,0.627,17
255,Life Ain't No Joke,spotify:album:27mvi1UxuVUFXffk4eqQk2,13,0aAl3zwLmj0b9Ze99vf1ug,Eater (Remix),Lil Durk,3hcs9uc56yIGFCSy9leWe7,0.579,0.568,0.725,0.0,0.121,-4.295,0.0753,123.842,0.42,17
256,Life Ain't No Joke,spotify:album:27mvi1UxuVUFXffk4eqQk2,14,0EBRCsiIl8VnCF9WLpoaN4,Everything All White,Lil Durk,3hcs9uc56yIGFCSy9leWe7,0.0298,0.778,0.836,0.0,0.183,-7.264,0.202,135.98,0.84,18
257,Life Ain't No Joke,spotify:album:27mvi1UxuVUFXffk4eqQk2,15,0oFdcqyRU7xdJ0eg1zOzbq,Life Ain't No Joke,Lil Durk,3hcs9uc56yIGFCSy9leWe7,0.0413,0.59,0.843,0.0,0.26,-6.059,0.404,146.024,0.634,20
258,They Forgot,spotify:album:7wz6sF4SaieroRm1af7PIA,1,29pxAdR5mxFPujJ7YcqzPP,Intro,Lil Durk,3hcs9uc56yIGFCSy9leWe7,0.746,0.612,0.608,0.0,0.344,-10.696,0.623,62.942,0.574,19
259,They Forgot,spotify:album:7wz6sF4SaieroRm1af7PIA,2,3F8jp0HDNUflI0YdQAKUzA,They Forgot,Lil Durk,3hcs9uc56yIGFCSy9leWe7,0.00284,0.613,0.745,0.0,0.192,-5.56,0.0693,164.949,0.818,38
260,They Forgot,spotify:album:7wz6sF4SaieroRm1af7PIA,3,1Nr7WynC3LoWrcIND02Llr,Too Late,Lil Durk,3hcs9uc56yIGFCSy9leWe7,0.114,0.735,0.577,0.0,0.164,-9.053,0.338,170.017,0.334,34
261,They Forgot,spotify:album:7wz6sF4SaieroRm1af7PIA,4,4PPDgEm6sxBDtT8CqLJagR,Hard Shit,Lil Durk,3hcs9uc56yIGFCSy9leWe7,0.0627,0.714,0.708,3.68e-06,0.0961,-7.489,0.15,173.052,0.161,30
262,They Forgot,spotify:album:7wz6sF4SaieroRm1af7PIA,5,2KStWY4LhiwSw2jWyNGCBV,Rico,Lil Durk,3hcs9uc56yIGFCSy9leWe7,0.0264,0.796,0.493,0.0,0.108,-8.489,0.289,155.963,0.455,29
263,They Forgot,spotify:album:7wz6sF4SaieroRm1af7PIA,6,1fDd6JnVFWI88B1xUCsPO7,Young Niggas,Lil Durk,3hcs9uc56yIGFCSy9leWe7,0.0336,0.699,0.459,0.0,0.117,-7.691,0.298,166.871,0.376,39
264,They Forgot,spotify:album:7wz6sF4SaieroRm1af7PIA,7,68MJRImJfYc1drxRzbfTlH,We Dem Niggas,Lil Durk,3hcs9uc56yIGFCSy9leWe7,0.0378,0.661,0.555,0.000857,0.0848,-11.441,0.146,169.989,0.488,29
265,They Forgot,spotify:album:7wz6sF4SaieroRm1af7PIA,8,5iYoaGUphhfHxMbhIsPyQO,Shooter2x,Lil Durk,3hcs9uc56yIGFCSy9leWe7,0.00596,0.759,0.511,0.0,0.17,-9.672,0.293,144.063,0.306,37
266,They Forgot,spotify:album:7wz6sF4SaieroRm1af7PIA,9,6xJYJptHun73Cq1cd0sWWS,Back 2 Back,Lil Durk,3hcs9uc56yIGFCSy9leWe7,0.00231,0.773,0.381,0.0169,0.123,-12.047,0.256,156.994,0.278,24
267,They Forgot,spotify:album:7wz6sF4SaieroRm1af7PIA,10,6CfqjJvnP8I1R36bFiYPSy,Victim,Lil Durk,3hcs9uc56yIGFCSy9leWe7,0.00535,0.782,0.497,0.0,0.156,-9.158,0.147,129.955,0.143,26
268,They Forgot,spotify:album:7wz6sF4SaieroRm1af7PIA,11,5gjkgbGvD1iWAzGcbyEsBT,Rider Chick,Lil Durk,3hcs9uc56yIGFCSy9leWe7,0.00294,0.335,0.645,0.0,0.156,-6.079,0.0916,82.142,0.178,30
269,They Forgot,spotify:album:7wz6sF4SaieroRm1af7PIA,12,3iR2C3F4xUTI0xBhFvSuJW,Rich Forever,Lil Durk,3hcs9uc56yIGFCSy9leWe7,0.00519,0.597,0.546,0.0,0.213,-8.481,0.116,140.199,0.495,35
270,They Forgot,spotify:album:7wz6sF4SaieroRm1af7PIA,13,2bFe9GwjudsnYWsqNAqzED,Street Life,Lil Durk,3hcs9uc56yIGFCSy9leWe7,0.0147,0.565,0.509,0.0,0.148,-8.386,0.354,144.805,0.421,27
271,Lil Durk 2X (Deluxe),spotify:album:0V68iflWNZri1Zc8txsLyg,1,5YpbBCtB8M2vCCls0uxKfg,Check,Lil Durk,3hcs9uc56yIGFCSy9leWe7,0.164,0.736,0.645,0.0,0.0895,-6.115,0.442,82.718,0.264,30
272,Lil Durk 2X (Deluxe),spotify:album:0V68iflWNZri1Zc8txsLyg,2,50zcnX9eIhOco8cCQ9YDil,LilDurk2x,Lil Durk,3hcs9uc56yIGFCSy9leWe7,0.212,0.834,0.59,0.0,0.0902,-6.667,0.166,140.004,0.591,34
273,Lil Durk 2X (Deluxe),spotify:album:0V68iflWNZri1Zc8txsLyg,3,1lHf8HeWLoFcKB6ASnRKiM,Hated On Me,Lil Durk,3hcs9uc56yIGFCSy9leWe7,0.0027,0.747,0.599,0.0,0.171,-7.27,0.0371,138.028,0.367,35
274,Lil Durk 2X (Deluxe),spotify:album:0V68iflWNZri1Zc8txsLyg,4,2e3lDYCE8rh2uU5tneSCY4,So What,Lil Durk,3hcs9uc56yIGFCSy9leWe7,0.00965,0.68,0.6,0.0,0.0861,-7.173,0.337,72.153,0.142,30
275,Lil Durk 2X (Deluxe),spotify:album:0V68iflWNZri1Zc8txsLyg,5,3UXHPbNzTNTU07w2nd6YuM,She Just Wanna,Lil Durk,3hcs9uc56yIGFCSy9leWe7,0.0446,0.652,0.602,0.0,0.131,-5.829,0.116,136.15,0.44,35
276,Lil Durk 2X (Deluxe),spotify:album:0V68iflWNZri1Zc8txsLyg,6,7Cc1hkGaxnDKUCt5lu1J3W,Money Walk,Lil Durk,3hcs9uc56yIGFCSy9leWe7,0.0352,0.887,0.664,0.0,0.12,-7.218,0.3,140.072,0.684,39
277,Lil Durk 2X (Deluxe),spotify:album:0V68iflWNZri1Zc8txsLyg,7,2FSxONq6qumM1akZNwwDMp,Glock Up,Lil Durk,3hcs9uc56yIGFCSy9leWe7,0.0203,0.721,0.495,0.0,0.345,-6.819,0.355,149.029,0.306,34
278,Lil Durk 2X (Deluxe),spotify:album:0V68iflWNZri1Zc8txsLyg,8,3o5bERGIzrslQ79RhjK37u,Rich Nigga,Lil Durk,3hcs9uc56yIGFCSy9leWe7,0.0196,0.782,0.577,2.84e-06,0.11,-7.415,0.217,155.049,0.217,29
279,Lil Durk 2X (Deluxe),spotify:album:0V68iflWNZri1Zc8txsLyg,9,3OhDQTMDBk5OrTz4QOuT3f,True,Lil Durk,3hcs9uc56yIGFCSy9leWe7,0.0716,0.767,0.504,0.0,0.137,-8.41,0.297,142.115,0.587,30
280,Lil Durk 2X (Deluxe),spotify:album:0V68iflWNZri1Zc8txsLyg,10,74OYPRwQhipHGfgXJqnpsb,Set It Off,Lil Durk,3hcs9uc56yIGFCSy9leWe7,0.0374,0.787,0.58,0.0,0.103,-4.285,0.186,141.974,0.504,34
281,Lil Durk 2X (Deluxe),spotify:album:0V68iflWNZri1Zc8txsLyg,11,4ce1hVa1wQKVn87VAaWSw4,Super Powers,Lil Durk,3hcs9uc56yIGFCSy9leWe7,0.0169,0.744,0.451,0.0,0.0876,-8.686,0.0791,119.992,0.0394,40
282,Lil Durk 2X (Deluxe),spotify:album:0V68iflWNZri1Zc8txsLyg,12,12KG3DCYkxoMUAPWq1uFnw,My Beyonc,Lil Durk,3hcs9uc56yIGFCSy9leWe7,0.292,0.725,0.64,0.0,0.128,-5.627,0.0605,138.113,0.489,56
283,Lil Durk 2X (Deluxe),spotify:album:0V68iflWNZri1Zc8txsLyg,13,3jS2mWSBABmZE9qpYaHaAM,Make It Back,Lil Durk,3hcs9uc56yIGFCSy9leWe7,0.0801,0.828,0.487,0.0247,0.0908,-9.553,0.313,155.137,0.328,31
284,Lil Durk 2X (Deluxe),spotify:album:1d0xArG6gTnpTKSOdSuR65,1,5qXtuiLouyACnsoJJrMvf6,Check,Lil Durk,3hcs9uc56yIGFCSy9leWe7,0.161,0.782,0.663,0.0,0.0897,-6.197,0.459,83.022,0.254,7
285,Lil Durk 2X (Deluxe),spotify:album:1d0xArG6gTnpTKSOdSuR65,2,33v2SuM1tXIWvBzJfnK7vP,LilDurk2x,Lil Durk,3hcs9uc56yIGFCSy9leWe7,0.222,0.827,0.621,0.0,0.086,-6.638,0.227,140.018,0.564,8
286,Lil Durk 2X (Deluxe),spotify:album:1d0xArG6gTnpTKSOdSuR65,3,65siZu5NX3CzRtHMDWJkAU,Hated On Me,Lil Durk,3hcs9uc56yIGFCSy9leWe7,0.00376,0.749,0.596,0.0,0.181,-7.43,0.0332,138.02,0.326,9
287,Lil Durk 2X (Deluxe),spotify:album:1d0xArG6gTnpTKSOdSuR65,4,3leyUcLLYs8bxZr6nTMOXt,So What,Lil Durk,3hcs9uc56yIGFCSy9leWe7,0.00663,0.731,0.616,0.0,0.0922,-7.152,0.291,144.188,0.123,5
288,Lil Durk 2X (Deluxe),spotify:album:1d0xArG6gTnpTKSOdSuR65,5,75R58vtcOBO0BL7TPWKjGI,She Just Wanna,Lil Durk,3hcs9uc56yIGFCSy9leWe7,0.0495,0.641,0.605,0.0,0.124,-5.857,0.115,136.104,0.39,8
289,Lil Durk 2X (Deluxe),spotify:album:1d0xArG6gTnpTKSOdSuR65,6,5StheVqYjKuVOQJjMcxYhJ,Money Walk,Lil Durk,3hcs9uc56yIGFCSy9leWe7,0.0496,0.88,0.644,0.0,0.103,-7.411,0.297,140.026,0.714,23
290,Lil Durk 2X (Deluxe),spotify:album:1d0xArG6gTnpTKSOdSuR65,7,0CMfdwUu9zZ1DDynLrMXrW,Glock Up,Lil Durk,3hcs9uc56yIGFCSy9leWe7,0.0143,0.707,0.533,0.0,0.368,-6.852,0.365,149.071,0.27,8
291,Lil Durk 2X (Deluxe),spotify:album:1d0xArG6gTnpTKSOdSuR65,8,1yO6JcJqsYMLqyae7fOrtZ,Rich Ni**a,Lil Durk,3hcs9uc56yIGFCSy9leWe7,0.0324,0.782,0.581,3.73e-05,0.13,-7.525,0.159,155.025,0.154,4
292,Lil Durk 2X (Deluxe),spotify:album:1d0xArG6gTnpTKSOdSuR65,9,4sDPMldODDVXok0BfWoptH,True,Lil Durk,3hcs9uc56yIGFCSy9leWe7,0.0875,0.766,0.51,0.0,0.149,-8.41,0.26,142.171,0.522,7
293,Lil Durk 2X (Deluxe),spotify:album:1d0xArG6gTnpTKSOdSuR65,10,05peYqG4QaQPj9GZ2Wln86,Set It Off,Lil Durk,3hcs9uc56yIGFCSy9leWe7,0.0412,0.787,0.607,0.0,0.102,-4.303,0.214,141.961,0.526,6
294,Lil Durk 2X (Deluxe),spotify:album:1d0xArG6gTnpTKSOdSuR65,11,10HjQNyK5j4Y3mrU2N4e3s,Super Powers,Lil Durk,3hcs9uc56yIGFCSy9leWe7,0.017,0.744,0.457,0.0,0.0839,-8.708,0.0766,120.001,0.0431,10
295,Lil Durk 2X (Deluxe),spotify:album:1d0xArG6gTnpTKSOdSuR65,12,6c8tWh54Cuprk50OP42u6n,My Beyonc,Lil Durk,3hcs9uc56yIGFCSy9leWe7,0.29,0.727,0.649,0.0,0.129,-5.625,0.0652,138.094,0.51,15
296,Lil Durk 2X (Deluxe),spotify:album:1d0xArG6gTnpTKSOdSuR65,13,6lR7fMoD1OrBWJzLNIMyq2,Make It Back,Lil Durk,3hcs9uc56yIGFCSy9leWe7,0.0772,0.828,0.474,0.313,0.0808,-9.671,0.31,155.135,0.274,8
